"clade"	"gene"	"site"	"alt"
"2I"	"nuc"	520	"A"
"2I"	"nuc"	530	"C"
"2I"	"nuc"	849	"C"
"2I"	"nuc"	981	"G"
"2I"	"nuc"	1149	"C"
"2I"	"nuc"	2104	"G"
"2I"	"nuc"	2355	"A"
"2I"	"nuc"	2619	"T"
"2I"	"nuc"	3187	"A"
"2I"	"nuc"	3534	"T"
"2I"	"nuc"	6555	"G"
"2I"	"nuc"	7206	"C"
"2I"	"nuc"	7426	"G"
"2I"	"nuc"	7563	"G"
"2I"	"nuc"	8164	"C"
"2I"	"nuc"	8577	"A"
"2I"	"nuc"	9132	"G"
"2I"	"nuc"	9199	"A"
"2I"	"nuc"	9242	"C"
"2I"	"nuc"	9711	"C"
"2I"	"M"	28	"K"
"2I"	"M"	31	"T"
"2I"	"E"	71	"D"
"2I"	"E"	81	"T"
"2I"	"E"	390	"D"
"2I"	"NS1"	256	"N"
"2I"	"NS4B"	201	"V"
"2I"	"NS5"	135	"V"
"2I"	"NS5"	544	"I"
"2I"	"NS5"	558	"A"
			
"2II"	"nuc"	3213	"G"
"2II"	"nuc"	3222	"C"
"2II"	"nuc"	6465	"C"
"2II"	"nuc"	8799	"T"
"2II"	"nuc"	8868	"A"
"2II"	"nuc"	9495	"A"
			
"2III"	"nuc"	531	"T"
"2III"	"nuc"	1328	"T"
"2III"	"nuc"	5646	"T"
"2III"	"nuc"	9071	"G"
"2III"	"nuc"	9718	"G"
"2III"	"nuc"	9857	"C"
"2III"	"nuc"	10035	"G"
"2III"	"E"	131	"L"
"2III"	"NS5"	501	"G"
"2III"	"NS5"	717	"V"
"2III"	"NS5"	763	"T"
			
"2III_A"	"nuc"	3552	"A"
"2III_A"	"nuc"	4776	"C"
"2III_A"	"nuc"	6930	"G"
"2III_A"	"nuc"	7446	"T"
"2III_A"	"nuc"	8066	"G"
"2III_A"	"NS5"	166	"S"
			
"2III_A.1"	"nuc"	555	"T"
"2III_A.1"	"nuc"	3726	"A"
"2III_A.1"	"nuc"	7104	"T"
			
"2III_A.2"	"nuc"	3477	"A"
"2III_A.2"	"nuc"	225	"G"
"2III_A.2"	"nuc"	445	"C"
"2III_A.2"	"nuc"	642	"T"
"2III_A.2"	"nuc"	678	"C"
"2III_A.2"	"nuc"	783	"A"
"2III_A.2"	"nuc"	1137	"C"
"2III_A.2"	"nuc"	1227	"G"
"2III_A.2"	"nuc"	1275	"C"
"2III_A.2"	"nuc"	1645	"C"
"2III_A.2"	"nuc"	1692	"C"
"2III_A.2"	"nuc"	1842	"C"
"2III_A.2"	"nuc"	1902	"T"
"2III_A.2"	"nuc"	1962	"A"
"2III_A.2"	"nuc"	2238	"A"
"2III_A.2"	"nuc"	2318	"C"
"2III_A.2"	"nuc"	2430	"C"
"2III_A.2"	"nuc"	2592	"T"
"2III_A.2"	"nuc"	2685	"C"
"2III_A.2"	"nuc"	2898	"C"
"2III_A.2"	"nuc"	2919	"C"
"2III_A.2"	"nuc"	3021	"C"
"2III_A.2"	"nuc"	3060	"A"
"2III_A.2"	"nuc"	3069	"C"
"2III_A.2"	"nuc"	3243	"A"
"2III_A.2"	"nuc"	3501	"C"
"2III_A.2"	"nuc"	3801	"T"
"2III_A.2"	"nuc"	4254	"C"
"2III_A.2"	"nuc"	4392	"G"
"2III_A.2"	"nuc"	4773	"A"
"2III_A.2"	"nuc"	5169	"A"
"2III_A.2"	"nuc"	5274	"T"
"2III_A.2"	"nuc"	5547	"C"
"2III_A.2"	"nuc"	5832	"T"
"2III_A.2"	"nuc"	5979	"G"
"2III_A.2"	"nuc"	6228	"T"
"2III_A.2"	"nuc"	6312	"C"
"2III_A.2"	"nuc"	6379	"C"
"2III_A.2"	"nuc"	6381	"A"
"2III_A.2"	"nuc"	6432	"A"
"2III_A.2"	"nuc"	6492	"A"
"2III_A.2"	"nuc"	6693	"C"
"2III_A.2"	"nuc"	6807	"A"
"2III_A.2"	"nuc"	6831	"A"
"2III_A.2"	"nuc"	7119	"T"
"2III_A.2"	"nuc"	7284	"C"
"2III_A.2"	"nuc"	7329	"G"
"2III_A.2"	"nuc"	7908	"T"
"2III_A.2"	"nuc"	7992	"C"
"2III_A.2"	"nuc"	7996	"C"
"2III_A.2"	"nuc"	8127	"C"
"2III_A.2"	"nuc"	8319	"T"
"2III_A.2"	"nuc"	8469	"T"
"2III_A.2"	"nuc"	8550	"A"
"2III_A.2"	"nuc"	9066	"T"
"2III_A.2"	"nuc"	9204	"G"
"2III_A.2"	"nuc"	9257	"G"
"2III_A.2"	"nuc"	9480	"T"
"2III_A.2"	"nuc"	9662	"A"
"2III_A.2"	"nuc"	9732	"C"
"2III_A.2"	"nuc"	9744	"G"
"2III_A.2"	"nuc"	10200	"A"
"2III_A.2"	"E"	461	"A"
"2III_A.2"	"NS5"	563	"R"
"2III_A.2"	"NS5"	698	"K"
			
"2III_B"	"nuc"	8835	"T"
"2III_B"	"nuc"	432	"A"
"2III_B"	"nuc"	648	"C"
"2III_B"	"nuc"	1266	"A"
"2III_B"	"nuc"	1339	"C"
"2III_B"	"nuc"	2932	"C"
"2III_B"	"nuc"	3252	"C"
"2III_B"	"nuc"	3270	"C"
"2III_B"	"nuc"	3699	"C"
"2III_B"	"nuc"	4015	"T"
"2III_B"	"nuc"	4095	"C"
"2III_B"	"nuc"	4153	"G"
"2III_B"	"nuc"	4441	"C"
"2III_B"	"nuc"	4791	"A"
"2III_B"	"nuc"	5199	"T"
"2III_B"	"nuc"	5418	"T"
"2III_B"	"nuc"	5547	"C"
"2III_B"	"nuc"	6786	"A"
"2III_B"	"nuc"	6828	"T"
"2III_B"	"nuc"	7122	"T"
"2III_B"	"nuc"	7411	"C"
"2III_B"	"nuc"	8693	"G"
"2III_B"	"nuc"	8697	"T"
"2III_B"	"nuc"	9372	"C"
"2III_B"	"NS2B"	8	"V"
"2III_B"	"NS5"	375	"R"
			
"2III_C"	"nuc"	1671	"T"
"2III_C"	"nuc"	2739	"T"
"2III_C"	"nuc"	7743	"A"
			
"2III_C.1"	"nuc"	873	"C"
"2III_C.1"	"nuc"	894	"A"
"2III_C.1"	"nuc"	2878	"A"
"2III_C.1"	"nuc"	3432	"C"
"2III_C.1"	"nuc"	7314	"G"
"2III_C.1"	"nuc"	7582	"A"
"2III_C.1"	"NS1"	153	"M"
"2III_C.1"	"NS5"	5	"I"
			
"2III_C.1.1"	"nuc"	4509	"T"
"2III_C.1.1"	"NS5"	895	"K"
			
"2III_C.1.2"	"nuc"	1923	"A"
"2III_C.1.2"	"nuc"	8518	"T"
"2III_C.1.2"	"nuc"	10033	"T"
"2III_C.1.2"	"NS5"	317	"S"
"2III_C.1.2"	"NS5"	822	"S"
			
"2III_C.2"	"nuc"	111	"G"
"2III_C.2"	"nuc"	255	"T"
"2III_C.2"	"nuc"	513	"T"
"2III_C.2"	"nuc"	1509	"T"
"2III_C.2"	"nuc"	2025	"T"
"2III_C.2"	"nuc"	3159	"C"
"2III_C.2"	"nuc"	3357	"T"
"2III_C.2"	"nuc"	3426	"T"
"2III_C.2"	"nuc"	3802	"A"
"2III_C.2"	"nuc"	3858	"G"
"2III_C.2"	"nuc"	4125	"A"
"2III_C.2"	"nuc"	4410	"G"
"2III_C.2"	"nuc"	4560	"A"
"2III_C.2"	"nuc"	5451	"T"
"2III_C.2"	"nuc"	5649	"A"
"2III_C.2"	"nuc"	5937	"T"
"2III_C.2"	"nuc"	6042	"C"
"2III_C.2"	"nuc"	6189	"T"
"2III_C.2"	"nuc"	6597	"T"
"2III_C.2"	"nuc"	7041	"C"
"2III_C.2"	"nuc"	7629	"A"
"2III_C.2"	"nuc"	8013	"A"
"2III_C.2"	"nuc"	8330	"T"
"2III_C.2"	"nuc"	8438	"T"
"2III_C.2"	"nuc"	8460	"T"
"2III_C.2"	"nuc"	8574	"C"
"2III_C.2"	"nuc"	8634	"T"
"2III_C.2"	"nuc"	8802	"T"
"2III_C.2"	"nuc"	9261	"G"
"2III_C.2"	"nuc"	9381	"T"
"2III_C.2"	"nuc"	9627	"G"
"2III_C.2"	"nuc"	10005	"T"
"2III_C.2"	"nuc"	10063	"A"
"2III_C.2"	"nuc"	10089	"A"
"2III_C.2"	"NS2A"	109	"T"
"2III_C.2"	"NS5"	254	"L"
"2III_C.2"	"NS5"	290	"I"
"2III_C.2"	"NS5"	832	"T"
			
"2III_D"	"nuc"	3003	"T"
"2III_D"	"nuc"	3958	"C"
"2III_D"	"nuc"	4578	"G"
"2III_D"	"nuc"	4590	"C"
"2III_D"	"nuc"	5586	"G"
"2III_D"	"nuc"	6924	"C"
"2III_D"	"nuc"	7548	"A"
"2III_D"	"nuc"	8133	"T"
"2III_D"	"nuc"	8424	"A"
"2III_D"	"nuc"	8454	"T"
"2III_D"	"nuc"	9546	"A"
"2III_D"	"nuc"	10089	"A"
			
"2III_D.1"	"nuc"	5199	"A"
"2III_D.1"	"nuc"	5958	"T"
			
"2III_D.1.1"	"nuc"	414	"G"
"2III_D.1.1"	"nuc"	8167	"C"
"2III_D.1.1"	"NS5"	200	"Q"
			
"2III_D.1.2"	"nuc"	7293	"C"
"2III_D.1.2"	"nuc"	228	"G"
"2III_D.1.2"	"nuc"	429	"G"
"2III_D.1.2"	"nuc"	447	"G"
"2III_D.1.2"	"nuc"	856	"T"
"2III_D.1.2"	"nuc"	1158	"T"
"2III_D.1.2"	"nuc"	1308	"T"
"2III_D.1.2"	"nuc"	1365	"C"
"2III_D.1.2"	"nuc"	1425	"G"
"2III_D.1.2"	"nuc"	1626	"C"
"2III_D.1.2"	"nuc"	1992	"C"
"2III_D.1.2"	"nuc"	2070	"T"
"2III_D.1.2"	"nuc"	2179	"C"
"2III_D.1.2"	"nuc"	2760	"T"
"2III_D.1.2"	"nuc"	3033	"C"
"2III_D.1.2"	"nuc"	3505	"T"
"2III_D.1.2"	"nuc"	3855	"A"
"2III_D.1.2"	"nuc"	3883	"G"
"2III_D.1.2"	"nuc"	4206	"C"
"2III_D.1.2"	"nuc"	4212	"T"
"2III_D.1.2"	"nuc"	4257	"T"
"2III_D.1.2"	"nuc"	4572	"G"
"2III_D.1.2"	"nuc"	5508	"C"
"2III_D.1.2"	"nuc"	7197	"G"
"2III_D.1.2"	"nuc"	7327	"C"
"2III_D.1.2"	"nuc"	7731	"C"
"2III_D.1.2"	"nuc"	8016	"A"
"2III_D.1.2"	"nuc"	8085	"A"
"2III_D.1.2"	"nuc"	8340	"T"
"2III_D.1.2"	"nuc"	8358	"T"
"2III_D.1.2"	"nuc"	8364	"C"
"2III_D.1.2"	"nuc"	8700	"A"
"2III_D.1.2"	"nuc"	8955	"G"
"2III_D.1.2"	"nuc"	9132	"A"
"2III_D.1.2"	"nuc"	9342	"C"
"2III_D.1.2"	"nuc"	9873	"T"
"2III_D.1.2"	"nuc"	10143	"T"
"2III_D.1.2"	"NS2A"	136	"V"
"2III_D.1.2"	"NS4B"	156	"D"
"2III_D.1.2"	"NS5"	521	"E"
			
"2III_D.1.3"	"nuc"	5254	"A"
"2III_D.1.3"	"nuc"	5853	"T"
"2III_D.1.3"	"nuc"	9922	"T"
"2III_D.1.3"	"NS3"	245	"T"
"2III_D.1.3"	"NS5"	785	"S"
			
"2III_D.2"	"nuc"	4221	"C"
"2III_D.2"	"nuc"	7353	"A"
"2III_D.2"	"NS2A"	162	"R"
			
"2III_D.2.1"	"nuc"	2670	"T"
"2III_D.2.1"	"nuc"	4389	"C"
			
"2III_D.2.2"	"nuc"	146	"G"
"2III_D.2.2"	"C"	17	"R"
			
"2III_D.3"	"nuc"	588	"C"
"2III_D.3"	"nuc"	8970	"A"
			
"2III_D.3.1"	"nuc"	2370	"A"
"2III_D.3.1"	"nuc"	4596	"C"
"2III_D.3.1"	"C"	26	"M"
			
"2III_D.3.2"	"nuc"	4942	"A"
"2III_D.3.2"	"nuc"	6540	"C"
"2III_D.3.2"	"nuc"	8811	"A"
"2III_D.3.2"	"nuc"	9546	"T"
"2III_D.3.2"	"nuc"	9990	"C"
"2III_D.3.2"	"nuc"	10196	"C"
"2III_D.3.2"	"NS3"	141	"N"
"2III_D.3.2"	"NS5"	807	"D"
"2III_D.3.2"	"NS5"	876	"T"
			
"2III_E"	"nuc"	4104	"G"
"2III_E"	"nuc"	4248	"A"
"2III_E"	"nuc"	4750	"G"
"2III_E"	"NS3"	77	"V"
			
"2II_A"	"nuc"	2127	"A"
"2II_A"	"nuc"	726	"C"
"2II_A"	"nuc"	813	"C"
"2II_A"	"nuc"	834	"T"
"2II_A"	"nuc"	1089	"G"
"2II_A"	"nuc"	1305	"A"
"2II_A"	"nuc"	1339	"C"
"2II_A"	"nuc"	2105	"G"
"2II_A"	"nuc"	2371	"T"
"2II_A"	"nuc"	3598	"A"
"2II_A"	"nuc"	4739	"G"
"2II_A"	"nuc"	5199	"C"
"2II_A"	"nuc"	5286	"A"
"2II_A"	"nuc"	6423	"T"
"2II_A"	"nuc"	6522	"A"
"2II_A"	"nuc"	7048	"C"
"2II_A"	"nuc"	8754	"T"
"2II_A"	"E"	390	"S"
"2II_A"	"NS2A"	41	"M"
"2II_A"	"NS3"	73	"R"
			
"2II_A.1"	"nuc"	948	"T"
"2II_A.1"	"nuc"	7848	"T"
"2II_A.1"	"nuc"	7938	"T"
"2II_A.1"	"nuc"	8953	"A"
"2II_A.1"	"nuc"	9132	"A"
"2II_A.1"	"nuc"	10196	"G"
"2II_A.1"	"NS5"	462	"I"
"2II_A.1"	"NS5"	876	"S"
			
"2II_A.1.1"	"nuc"	8142	"C"
"2II_A.1.1"	"nuc"	370	"T"
"2II_A.1.1"	"nuc"	420	"A"
"2II_A.1.1"	"nuc"	924	"C"
"2II_A.1.1"	"nuc"	1521	"A"
"2II_A.1.1"	"nuc"	1806	"T"
"2II_A.1.1"	"nuc"	1878	"G"
"2II_A.1.1"	"nuc"	2706	"T"
"2II_A.1.1"	"nuc"	3120	"C"
"2II_A.1.1"	"nuc"	3465	"C"
"2II_A.1.1"	"nuc"	3801	"T"
"2II_A.1.1"	"nuc"	3834	"C"
"2II_A.1.1"	"nuc"	3891	"G"
"2II_A.1.1"	"nuc"	4164	"A"
"2II_A.1.1"	"nuc"	4893	"T"
"2II_A.1.1"	"nuc"	4938	"T"
"2II_A.1.1"	"nuc"	5085	"A"
"2II_A.1.1"	"nuc"	5433	"G"
"2II_A.1.1"	"nuc"	5730	"T"
"2II_A.1.1"	"nuc"	6651	"C"
"2II_A.1.1"	"nuc"	7206	"A"
"2II_A.1.1"	"nuc"	8298	"C"
"2II_A.1.1"	"nuc"	8958	"A"
"2II_A.1.1"	"nuc"	9036	"G"
"2II_A.1.1"	"nuc"	9897	"T"
			
"2II_A.1.1.1"	"nuc"	2640	"C"
"2II_A.1.1.1"	"nuc"	1122	"A"
"2II_A.1.1.1"	"nuc"	2010	"A"
"2II_A.1.1.1"	"nuc"	2610	"A"
"2II_A.1.1.1"	"nuc"	3392	"A"
"2II_A.1.1.1"	"nuc"	3567	"G"
"2II_A.1.1.1"	"nuc"	3852	"C"
"2II_A.1.1.1"	"nuc"	4479	"T"
"2II_A.1.1.1"	"nuc"	5091	"C"
"2II_A.1.1.1"	"nuc"	5193	"C"
"2II_A.1.1.1"	"nuc"	5208	"C"
"2II_A.1.1.1"	"nuc"	5712	"C"
"2II_A.1.1.1"	"nuc"	6279	"A"
"2II_A.1.1.1"	"nuc"	6284	"A"
"2II_A.1.1.1"	"nuc"	6474	"A"
"2II_A.1.1.1"	"nuc"	7602	"A"
"2II_A.1.1.1"	"nuc"	7650	"T"
"2II_A.1.1.1"	"nuc"	8007	"T"
"2II_A.1.1.1"	"nuc"	8469	"C"
"2II_A.1.1.1"	"nuc"	8754	"C"
"2II_A.1.1.1"	"nuc"	9237	"T"
"2II_A.1.1.1"	"nuc"	9279	"G"
"2II_A.1.1.1"	"NS1"	324	"K"
"2II_A.1.1.1"	"NS3"	588	"K"
			
"2II_A.1.1.2"	"nuc"	5742	"T"
"2II_A.1.1.2"	"nuc"	8802	"A"
			
"2II_A.1.2"	"nuc"	7065	"A"
"2II_A.1.2"	"nuc"	540	"C"
"2II_A.1.2"	"nuc"	2289	"T"
"2II_A.1.2"	"nuc"	2577	"A"
"2II_A.1.2"	"nuc"	3663	"C"
"2II_A.1.2"	"nuc"	5145	"T"
"2II_A.1.2"	"nuc"	6075	"T"
"2II_A.1.2"	"nuc"	7179	"C"
"2II_A.1.2"	"nuc"	7650	"T"
"2II_A.1.2"	"nuc"	7728	"T"
"2II_A.1.2"	"nuc"	8871	"A"
			
"2II_A.2"	"nuc"	2724	"G"
"2II_A.2"	"C"	102	"V"
			
"2II_A.2.1"	"nuc"	345	"C"
"2II_A.2.1"	"nuc"	375	"T"
"2II_A.2.1"	"nuc"	1185	"C"
"2II_A.2.1"	"nuc"	1420	"G"
"2II_A.2.1"	"nuc"	1555	"T"
"2II_A.2.1"	"nuc"	1959	"C"
"2II_A.2.1"	"nuc"	2349	"C"
"2II_A.2.1"	"nuc"	2370	"G"
"2II_A.2.1"	"nuc"	2409	"C"
"2II_A.2.1"	"nuc"	2478	"C"
"2II_A.2.1"	"nuc"	2649	"C"
"2II_A.2.1"	"nuc"	3069	"C"
"2II_A.2.1"	"nuc"	3072	"C"
"2II_A.2.1"	"nuc"	3454	"C"
"2II_A.2.1"	"nuc"	3574	"T"
"2II_A.2.1"	"nuc"	3675	"C"
"2II_A.2.1"	"nuc"	3876	"T"
"2II_A.2.1"	"nuc"	3900	"G"
"2II_A.2.1"	"nuc"	3933	"T"
"2II_A.2.1"	"nuc"	4034	"G"
"2II_A.2.1"	"nuc"	4074	"G"
"2II_A.2.1"	"nuc"	4119	"C"
"2II_A.2.1"	"nuc"	4335	"G"
"2II_A.2.1"	"nuc"	4530	"G"
"2II_A.2.1"	"nuc"	4557	"C"
"2II_A.2.1"	"nuc"	4573	"T"
"2II_A.2.1"	"nuc"	4641	"C"
"2II_A.2.1"	"nuc"	4821	"G"
"2II_A.2.1"	"nuc"	4974	"T"
"2II_A.2.1"	"nuc"	4983	"T"
"2II_A.2.1"	"nuc"	5010	"C"
"2II_A.2.1"	"nuc"	5078	"G"
"2II_A.2.1"	"nuc"	5460	"T"
"2II_A.2.1"	"nuc"	6444	"T"
"2II_A.2.1"	"nuc"	6471	"C"
"2II_A.2.1"	"nuc"	6474	"A"
"2II_A.2.1"	"nuc"	6588	"T"
"2II_A.2.1"	"nuc"	6672	"G"
"2II_A.2.1"	"nuc"	6741	"A"
"2II_A.2.1"	"nuc"	6840	"T"
"2II_A.2.1"	"nuc"	6924	"C"
"2II_A.2.1"	"nuc"	7101	"T"
"2II_A.2.1"	"nuc"	7146	"T"
"2II_A.2.1"	"nuc"	7323	"A"
"2II_A.2.1"	"nuc"	7668	"T"
"2II_A.2.1"	"nuc"	7890	"G"
"2II_A.2.1"	"nuc"	7908	"T"
"2II_A.2.1"	"nuc"	7992	"T"
"2II_A.2.1"	"nuc"	8118	"C"
"2II_A.2.1"	"nuc"	8145	"G"
"2II_A.2.1"	"nuc"	8913	"A"
"2II_A.2.1"	"nuc"	8928	"T"
"2II_A.2.1"	"nuc"	8952	"A"
"2II_A.2.1"	"nuc"	8982	"T"
"2II_A.2.1"	"nuc"	9369	"A"
"2II_A.2.1"	"nuc"	9460	"A"
"2II_A.2.1"	"nuc"	9606	"G"
"2II_A.2.1"	"nuc"	9729	"T"
"2II_A.2.1"	"nuc"	9834	"A"
"2II_A.2.1"	"nuc"	9968	"A"
"2II_A.2.1"	"E"	162	"V"
"2II_A.2.1"	"NS2A"	33	"L"
"2II_A.2.1"	"NS2A"	186	"R"
"2II_A.2.1"	"NS3"	186	"R"
"2II_A.2.1"	"NS5"	631	"S"
"2II_A.2.1"	"NS5"	800	"K"
			
"2II_A.2.2"	"nuc"	7104	"G"
"2II_A.2.2"	"nuc"	8029	"T"
"2II_A.2.2"	"nuc"	8435	"G"
"2II_A.2.2"	"NS5"	154	"S"
"2II_A.2.2"	"NS5"	289	"G"
			
"2II_B"	"nuc"	232	"T"
"2II_B"	"nuc"	418	"T"
"2II_B"	"nuc"	885	"T"
"2II_B"	"nuc"	909	"G"
"2II_B"	"nuc"	1047	"T"
"2II_B"	"nuc"	1566	"A"
"2II_B"	"nuc"	1665	"T"
"2II_B"	"nuc"	2265	"T"
"2II_B"	"nuc"	2325	"T"
"2II_B"	"nuc"	2535	"T"
"2II_B"	"nuc"	2577	"A"
"2II_B"	"nuc"	2731	"T"
"2II_B"	"nuc"	3108	"T"
"2II_B"	"nuc"	3138	"C"
"2II_B"	"nuc"	3297	"G"
"2II_B"	"nuc"	3660	"T"
"2II_B"	"nuc"	3663	"C"
"2II_B"	"nuc"	3726	"T"
"2II_B"	"nuc"	3862	"C"
"2II_B"	"nuc"	4011	"T"
"2II_B"	"nuc"	4099	"T"
"2II_B"	"nuc"	4225	"C"
"2II_B"	"nuc"	4296	"G"
"2II_B"	"nuc"	4557	"C"
"2II_B"	"nuc"	4665	"G"
"2II_B"	"nuc"	4677	"T"
"2II_B"	"nuc"	5304	"C"
"2II_B"	"nuc"	6732	"T"
"2II_B"	"nuc"	6768	"C"
"2II_B"	"nuc"	6813	"T"
"2II_B"	"nuc"	7017	"C"
"2II_B"	"nuc"	7266	"A"
"2II_B"	"nuc"	7411	"C"
"2II_B"	"nuc"	7530	"C"
"2II_B"	"nuc"	8062	"T"
"2II_B"	"nuc"	8913	"A"
"2II_B"	"nuc"	9508	"C"
"2II_B"	"nuc"	9675	"C"
"2II_B"	"nuc"	9705	"C"
"2II_B"	"nuc"	10084	"C"
			
"2II_C"	"nuc"	5334	"C"
"2II_C"	"nuc"	406	"G"
"2II_C"	"nuc"	798	"T"
"2II_C"	"nuc"	807	"C"
"2II_C"	"nuc"	1446	"T"
"2II_C"	"nuc"	1515	"T"
"2II_C"	"nuc"	1543	"G"
"2II_C"	"nuc"	1992	"C"
"2II_C"	"nuc"	2409	"C"
"2II_C"	"nuc"	2469	"T"
"2II_C"	"nuc"	2608	"T"
"2II_C"	"nuc"	2676	"A"
"2II_C"	"nuc"	2932	"C"
"2II_C"	"nuc"	2997	"G"
"2II_C"	"nuc"	3180	"G"
"2II_C"	"nuc"	3579	"G"
"2II_C"	"nuc"	3780	"A"
"2II_C"	"nuc"	3856	"C"
"2II_C"	"nuc"	4230	"A"
"2II_C"	"nuc"	4431	"G"
"2II_C"	"nuc"	4632	"G"
"2II_C"	"nuc"	4866	"C"
"2II_C"	"nuc"	5172	"G"
"2II_C"	"nuc"	5259	"C"
"2II_C"	"nuc"	5346	"A"
"2II_C"	"nuc"	5433	"T"
"2II_C"	"nuc"	5799	"G"
"2II_C"	"nuc"	6231	"T"
"2II_C"	"nuc"	6450	"A"
"2II_C"	"nuc"	6555	"C"
"2II_C"	"nuc"	6606	"C"
"2II_C"	"nuc"	6652	"G"
"2II_C"	"nuc"	6951	"T"
"2II_C"	"nuc"	6979	"C"
"2II_C"	"nuc"	6987	"C"
"2II_C"	"nuc"	7023	"G"
"2II_C"	"nuc"	7131	"T"
"2II_C"	"nuc"	7182	"C"
"2II_C"	"nuc"	7509	"C"
"2II_C"	"nuc"	7551	"T"
"2II_C"	"nuc"	7602	"A"
"2II_C"	"nuc"	7674	"G"
"2II_C"	"nuc"	7812	"T"
"2II_C"	"nuc"	7996	"C"
"2II_C"	"nuc"	8068	"C"
"2II_C"	"nuc"	8381	"T"
"2II_C"	"nuc"	8391	"G"
"2II_C"	"nuc"	8892	"T"
"2II_C"	"nuc"	9372	"C"
"2II_C"	"nuc"	9627	"A"
"2II_C"	"nuc"	9735	"C"
"2II_C"	"nuc"	9963	"T"
"2II_C"	"nuc"	10233	"G"
"2II_C"	"C"	104	"V"
"2II_C"	"E"	203	"D"
"2II_C"	"NS4A"	93	"V"
"2II_C"	"NS5"	271	"I"
			
"2II_C.1"	"nuc"	931	"C"
"2II_C.1"	"nuc"	6489	"T"
"2II_C.1"	"nuc"	7509	"T"
"2II_C.1"	"nuc"	7551	"C"
"2II_C.1"	"M"	165	"L"
			
"2II_C.2"	"nuc"	10041	"A"
"2II_C.2"	"NS5"	824	"I"
			
"2II_D"	"nuc"	861	"T"
"2II_D"	"nuc"	1092	"C"
			
"2II_D.1"	"nuc"	2727	"T"
"2II_D.1"	"nuc"	5577	"T"
"2II_D.1"	"nuc"	9327	"G"
			
"2II_D.1.1"	"nuc"	6017	"G"
"2II_D.1.1"	"NS3"	499	"S"
			
"2II_D.1.2"	"nuc"	4210	"T"
"2II_D.1.2"	"NS2B"	27	"S"
			
"2II_D.2"	"nuc"	813	"G"
"2II_D.2"	"nuc"	5199	"G"
"2II_D.2"	"NS2A"	114	"A"
			
"2II_D.3"	"nuc"	867	"T"
"2II_D.3"	"nuc"	1935	"T"
"2II_D.3"	"nuc"	1978	"C"
"2II_D.3"	"nuc"	2673	"G"
"2II_D.3"	"nuc"	2770	"A"
"2II_D.3"	"nuc"	3381	"A"
"2II_D.3"	"nuc"	3433	"C"
"2II_D.3"	"nuc"	4080	"T"
"2II_D.3"	"nuc"	4260	"A"
"2II_D.3"	"nuc"	4545	"C"
"2II_D.3"	"nuc"	4791	"A"
"2II_D.3"	"nuc"	4845	"T"
"2II_D.3"	"nuc"	4986	"T"
"2II_D.3"	"nuc"	5613	"C"
"2II_D.3"	"nuc"	6111	"A"
"2II_D.3"	"nuc"	6501	"C"
"2II_D.3"	"nuc"	6597	"T"
"2II_D.3"	"nuc"	6828	"T"
"2II_D.3"	"nuc"	7513	"T"
"2II_D.3"	"nuc"	7719	"A"
"2II_D.3"	"nuc"	7992	"T"
"2II_D.3"	"nuc"	8448	"T"
"2II_D.3"	"nuc"	8460	"T"
"2II_D.3"	"nuc"	8604	"T"
"2II_D.3"	"nuc"	9048	"C"
"2II_D.3"	"nuc"	9199	"T"
"2II_D.3"	"nuc"	9372	"C"
"2II_D.3"	"nuc"	9894	"A"
"2II_D.3"	"NS1"	117	"T"
			
"2II_D.4"	"nuc"	2817	"A"
"2II_D.4"	"nuc"	4877	"C"
"2II_D.4"	"nuc"	6021	"C"
"2II_D.4"	"nuc"	6564	"G"
"2II_D.4"	"NS3"	119	"T"
			
"2II_E"	"nuc"	177	"A"
"2II_E"	"nuc"	228	"A"
"2II_E"	"nuc"	246	"A"
"2II_E"	"nuc"	423	"C"
"2II_E"	"nuc"	876	"A"
"2II_E"	"nuc"	906	"T"
"2II_E"	"nuc"	922	"A"
"2II_E"	"nuc"	1206	"C"
"2II_E"	"nuc"	1854	"C"
"2II_E"	"nuc"	1959	"C"
"2II_E"	"nuc"	2262	"T"
"2II_E"	"nuc"	2644	"T"
"2II_E"	"nuc"	2793	"T"
"2II_E"	"nuc"	2916	"T"
"2II_E"	"nuc"	3132	"G"
"2II_E"	"nuc"	3312	"C"
"2II_E"	"nuc"	3741	"G"
"2II_E"	"nuc"	3819	"T"
"2II_E"	"nuc"	4180	"C"
"2II_E"	"nuc"	4293	"A"
"2II_E"	"nuc"	4464	"T"
"2II_E"	"nuc"	4611	"C"
"2II_E"	"nuc"	4629	"T"
"2II_E"	"nuc"	4875	"C"
"2II_E"	"nuc"	5532	"A"
"2II_E"	"nuc"	5821	"T"
"2II_E"	"nuc"	6004	"T"
"2II_E"	"nuc"	6006	"G"
"2II_E"	"nuc"	6144	"T"
"2II_E"	"nuc"	6258	"A"
"2II_E"	"nuc"	6411	"A"
"2II_E"	"nuc"	6648	"T"
"2II_E"	"nuc"	6774	"G"
"2II_E"	"nuc"	6900	"T"
"2II_E"	"nuc"	6984	"G"
"2II_E"	"nuc"	7077	"A"
"2II_E"	"nuc"	7548	"A"
"2II_E"	"nuc"	7746	"A"
"2II_E"	"nuc"	7869	"T"
"2II_E"	"nuc"	8127	"C"
"2II_E"	"nuc"	8316	"A"
"2II_E"	"nuc"	9033	"T"
"2II_E"	"nuc"	9162	"T"
"2II_E"	"nuc"	9597	"T"
"2II_E"	"nuc"	9840	"C"
"2II_E"	"nuc"	10080	"G"
"2II_E"	"M"	162	"T"
			
"2II_E.1"	"nuc"	3417	"T"
"2II_E.1"	"nuc"	7077	"G"
"2II_E.1"	"NS5"	638	"K"
"2II_E.1"	"NS5"	648	"I"
			
"2II_E.2"	"nuc"	3813	"A"
"2II_E.2"	"nuc"	1947	"C"
"2II_E.2"	"nuc"	2148	"G"
"2II_E.2"	"nuc"	2187	"T"
"2II_E.2"	"nuc"	2715	"A"
"2II_E.2"	"nuc"	3462	"T"
"2II_E.2"	"nuc"	3480	"G"
"2II_E.2"	"nuc"	3852	"T"
"2II_E.2"	"nuc"	3894	"T"
"2II_E.2"	"nuc"	4428	"C"
"2II_E.2"	"nuc"	4740	"A"
"2II_E.2"	"nuc"	4983	"T"
"2II_E.2"	"nuc"	5115	"G"
"2II_E.2"	"nuc"	6993	"A"
"2II_E.2"	"nuc"	7176	"C"
"2II_E.2"	"nuc"	7704	"T"
"2II_E.2"	"nuc"	8328	"A"
"2II_E.2"	"nuc"	8925	"C"
"2II_E.2"	"nuc"	8985	"G"
"2II_E.2"	"nuc"	9534	"G"
			
"2II_F"	"nuc"	6399	"C"
"2II_F"	"nuc"	798	"A"
"2II_F"	"nuc"	1077	"G"
"2II_F"	"nuc"	1272	"T"
"2II_F"	"nuc"	1321	"A"
"2II_F"	"nuc"	1719	"C"
"2II_F"	"nuc"	1788	"A"
"2II_F"	"nuc"	1854	"C"
"2II_F"	"nuc"	2385	"A"
"2II_F"	"nuc"	3234	"C"
"2II_F"	"nuc"	3591	"C"
"2II_F"	"nuc"	3888	"A"
"2II_F"	"nuc"	3930	"T"
"2II_F"	"nuc"	4341	"C"
"2II_F"	"nuc"	4551	"T"
"2II_F"	"nuc"	4692	"T"
"2II_F"	"nuc"	4938	"T"
"2II_F"	"nuc"	5280	"A"
"2II_F"	"nuc"	5508	"C"
"2II_F"	"nuc"	6117	"A"
"2II_F"	"nuc"	6309	"A"
"2II_F"	"nuc"	6375	"A"
"2II_F"	"nuc"	6385	"T"
"2II_F"	"nuc"	6448	"T"
"2II_F"	"nuc"	7116	"A"
"2II_F"	"nuc"	7965	"C"
"2II_F"	"nuc"	8079	"C"
"2II_F"	"nuc"	8133	"T"
"2II_F"	"nuc"	8340	"T"
"2II_F"	"nuc"	9278	"G"
"2II_F"	"nuc"	9318	"G"
"2II_F"	"E"	129	"I"
"2II_F"	"NS5"	570	"R"
			
"2II_F.1"	"nuc"	423	"C"
"2II_F.1"	"nuc"	459	"T"
"2II_F.1"	"nuc"	2442	"C"
"2II_F.1"	"nuc"	2577	"A"
"2II_F.1"	"nuc"	2916	"T"
"2II_F.1"	"nuc"	3270	"T"
"2II_F.1"	"nuc"	3546	"T"
"2II_F.1"	"nuc"	3723	"G"
"2II_F.1"	"nuc"	4225	"C"
"2II_F.1"	"nuc"	4425	"G"
"2II_F.1"	"nuc"	4629	"A"
"2II_F.1"	"nuc"	4641	"C"
"2II_F.1"	"nuc"	5037	"T"
"2II_F.1"	"nuc"	5976	"C"
"2II_F.1"	"nuc"	6048	"T"
"2II_F.1"	"nuc"	6069	"C"
"2II_F.1"	"nuc"	6153	"T"
"2II_F.1"	"nuc"	6385	"C"
"2II_F.1"	"nuc"	6468	"A"
"2II_F.1"	"nuc"	6645	"A"
"2II_F.1"	"nuc"	7143	"C"
"2II_F.1"	"nuc"	7686	"T"
"2II_F.1"	"nuc"	7959	"C"
"2II_F.1"	"nuc"	8118	"T"
"2II_F.1"	"nuc"	8331	"G"
"2II_F.1"	"nuc"	8667	"A"
"2II_F.1"	"nuc"	9210	"G"
"2II_F.1"	"nuc"	9552	"C"
"2II_F.1"	"nuc"	9630	"C"
"2II_F.1"	"nuc"	9741	"T"
"2II_F.1"	"nuc"	9744	"G"
"2II_F.1"	"nuc"	9861	"A"
"2II_F.1"	"nuc"	10092	"G"
			
"2II_F.1.1"	"nuc"	1086	"G"
"2II_F.1.1"	"nuc"	7686	"G"
"2II_F.1.1"	"nuc"	7779	"T"
			
"2II_F.1.1.1"	"nuc"	1785	"A"
"2II_F.1.1.1"	"nuc"	6021	"T"
"2II_F.1.1.1"	"nuc"	6486	"A"
			
"2II_F.1.1.2"	"nuc"	1890	"G"
"2II_F.1.1.2"	"nuc"	7686	"A"
			
"2II_F.1.1.3"	"nuc"	8274	"A"
"2II_F.1.1.3"	"nuc"	1599	"T"
"2II_F.1.1.3"	"nuc"	1653	"C"
"2II_F.1.1.3"	"nuc"	1926	"A"
"2II_F.1.1.3"	"nuc"	2016	"G"
"2II_F.1.1.3"	"nuc"	2386	"A"
"2II_F.1.1.3"	"nuc"	2451	"T"
"2II_F.1.1.3"	"nuc"	2883	"A"
"2II_F.1.1.3"	"nuc"	3012	"T"
"2II_F.1.1.3"	"nuc"	3360	"T"
"2II_F.1.1.3"	"nuc"	5283	"A"
"2II_F.1.1.3"	"nuc"	6492	"A"
"2II_F.1.1.3"	"nuc"	6573	"T"
"2II_F.1.1.3"	"nuc"	6615	"A"
"2II_F.1.1.3"	"nuc"	8613	"G"
"2II_F.1.1.3"	"E"	484	"I"
			
"2II_F.1.1.4"	"nuc"	2289	"A"
"2II_F.1.1.4"	"nuc"	3288	"T"
"2II_F.1.1.4"	"NS1"	289	"D"
			
"2II_F.1.1.5"	"nuc"	4886	"T"
"2II_F.1.1.5"	"NS3"	122	"I"
			
"2II_F.1.1.6"	"nuc"	9034	"C"
"2II_F.1.1.6"	"nuc"	654	"C"
"2II_F.1.1.6"	"nuc"	702	"A"
"2II_F.1.1.6"	"nuc"	840	"T"
"2II_F.1.1.6"	"nuc"	864	"T"
"2II_F.1.1.6"	"nuc"	1065	"C"
"2II_F.1.1.6"	"nuc"	1254	"T"
"2II_F.1.1.6"	"nuc"	1317	"A"
"2II_F.1.1.6"	"nuc"	1830	"G"
"2II_F.1.1.6"	"nuc"	2026	"T"
"2II_F.1.1.6"	"nuc"	2241	"T"
"2II_F.1.1.6"	"nuc"	3075	"C"
"2II_F.1.1.6"	"nuc"	3236	"A"
"2II_F.1.1.6"	"nuc"	3249	"T"
"2II_F.1.1.6"	"nuc"	5568	"A"
"2II_F.1.1.6"	"nuc"	5583	"C"
"2II_F.1.1.6"	"nuc"	6237	"T"
"2II_F.1.1.6"	"nuc"	7092	"A"
"2II_F.1.1.6"	"nuc"	7275	"G"
"2II_F.1.1.6"	"nuc"	8727	"G"
"2II_F.1.1.6"	"nuc"	8883	"G"
"2II_F.1.1.6"	"nuc"	9330	"T"
"2II_F.1.1.6"	"E"	364	"S"
"2II_F.1.1.6"	"NS1"	272	"K"
"2II_F.1.1.6"	"NS4B"	150	"M"
			
"2II_F.1.1.7"	"nuc"	5036	"T"
"2II_F.1.1.7"	"nuc"	6036	"A"
"2II_F.1.1.7"	"nuc"	6363	"T"
"2II_F.1.1.7"	"nuc"	8902	"A"
"2II_F.1.1.7"	"nuc"	10213	"C"
"2II_F.1.1.7"	"NS3"	172	"I"
"2II_F.1.1.7"	"NS5"	445	"R"
"2II_F.1.1.7"	"NS5"	882	"H"
			
"2II_F.1.1.8"	"nuc"	6282	"G"
"2II_F.1.1.8"	"nuc"	861	"G"
"2II_F.1.1.8"	"nuc"	907	"C"
"2II_F.1.1.8"	"nuc"	945	"C"
"2II_F.1.1.8"	"nuc"	1095	"A"
"2II_F.1.1.8"	"nuc"	1245	"C"
"2II_F.1.1.8"	"nuc"	1351	"G"
"2II_F.1.1.8"	"nuc"	1551	"C"
"2II_F.1.1.8"	"nuc"	1746	"T"
"2II_F.1.1.8"	"nuc"	1968	"G"
"2II_F.1.1.8"	"nuc"	2055	"T"
"2II_F.1.1.8"	"nuc"	2217	"G"
"2II_F.1.1.8"	"nuc"	2286	"A"
"2II_F.1.1.8"	"nuc"	2553	"G"
"2II_F.1.1.8"	"nuc"	2745	"T"
"2II_F.1.1.8"	"nuc"	3324	"C"
"2II_F.1.1.8"	"nuc"	4747	"T"
"2II_F.1.1.8"	"nuc"	5499	"C"
"2II_F.1.1.8"	"nuc"	5531	"A"
"2II_F.1.1.8"	"nuc"	5901	"G"
"2II_F.1.1.8"	"nuc"	5902	"A"
"2II_F.1.1.8"	"nuc"	6879	"T"
"2II_F.1.1.8"	"nuc"	8031	"T"
"2II_F.1.1.8"	"nuc"	9034	"T"
"2II_F.1.1.8"	"nuc"	9378	"G"
"2II_F.1.1.8"	"nuc"	9906	"C"
"2II_F.1.1.8"	"nuc"	9918	"T"
"2II_F.1.1.8"	"E"	139	"V"
"2II_F.1.1.8"	"NS3"	337	"K"
"2II_F.1.1.8"	"NS3"	461	"I"
			
"2II_F.1.2"	"nuc"	919	"A"
"2II_F.1.2"	"nuc"	1242	"G"
"2II_F.1.2"	"nuc"	1770	"A"
"2II_F.1.2"	"nuc"	2307	"T"
"2II_F.1.2"	"nuc"	2682	"C"
"2II_F.1.2"	"nuc"	2892	"T"
"2II_F.1.2"	"nuc"	3039	"A"
"2II_F.1.2"	"nuc"	3120	"C"
"2II_F.1.2"	"nuc"	4206	"C"
"2II_F.1.2"	"nuc"	4515	"G"
"2II_F.1.2"	"nuc"	5130	"T"
"2II_F.1.2"	"nuc"	5559	"A"
"2II_F.1.2"	"nuc"	5688	"T"
"2II_F.1.2"	"nuc"	5695	"A"
"2II_F.1.2"	"nuc"	7113	"T"
"2II_F.1.2"	"nuc"	7467	"C"
"2II_F.1.2"	"nuc"	9039	"T"
"2II_F.1.2"	"nuc"	9207	"T"
"2II_F.1.2"	"nuc"	9471	"T"
"2II_F.1.2"	"nuc"	9558	"C"
"2II_F.1.2"	"nuc"	10023	"C"
"2II_F.1.2"	"M"	161	"I"
"2II_F.1.2"	"NS3"	392	"T"
			
"2II_F.1.3"	"nuc"	228	"A"
"2II_F.1.3"	"nuc"	681	"T"
"2II_F.1.3"	"nuc"	1137	"T"
"2II_F.1.3"	"nuc"	1266	"A"
"2II_F.1.3"	"nuc"	1476	"C"
"2II_F.1.3"	"nuc"	1689	"C"
"2II_F.1.3"	"nuc"	2247	"T"
"2II_F.1.3"	"nuc"	3033	"T"
"2II_F.1.3"	"nuc"	3234	"T"
"2II_F.1.3"	"nuc"	3566	"G"
"2II_F.1.3"	"nuc"	3575	"C"
"2II_F.1.3"	"nuc"	3989	"T"
"2II_F.1.3"	"nuc"	4185	"T"
"2II_F.1.3"	"nuc"	4539	"C"
"2II_F.1.3"	"nuc"	5115	"G"
"2II_F.1.3"	"nuc"	6249	"C"
"2II_F.1.3"	"nuc"	6307	"C"
"2II_F.1.3"	"nuc"	6612	"A"
"2II_F.1.3"	"nuc"	6706	"T"
"2II_F.1.3"	"nuc"	6717	"C"
"2II_F.1.3"	"nuc"	7815	"T"
"2II_F.1.3"	"nuc"	8007	"T"
"2II_F.1.3"	"nuc"	8289	"C"
"2II_F.1.3"	"nuc"	8946	"A"
"2II_F.1.3"	"nuc"	9063	"C"
"2II_F.1.3"	"nuc"	9234	"T"
"2II_F.1.3"	"nuc"	9441	"A"
"2II_F.1.3"	"nuc"	9552	"T"
"2II_F.1.3"	"nuc"	9567	"C"
"2II_F.1.3"	"nuc"	9957	"T"
"2II_F.1.3"	"NS2A"	30	"R"
"2II_F.1.3"	"NS2A"	33	"T"
"2II_F.1.3"	"NS2A"	171	"I"
			
"2II_F.1.3.1"	"nuc"	924	"C"
"2II_F.1.3.1"	"nuc"	1770	"A"
"2II_F.1.3.1"	"nuc"	1785	"C"
"2II_F.1.3.1"	"nuc"	1975	"A"
"2II_F.1.3.1"	"nuc"	2601	"G"
"2II_F.1.3.1"	"nuc"	2667	"C"
"2II_F.1.3.1"	"nuc"	2700	"C"
"2II_F.1.3.1"	"nuc"	2895	"C"
"2II_F.1.3.1"	"nuc"	2898	"T"
"2II_F.1.3.1"	"nuc"	2916	"C"
"2II_F.1.3.1"	"nuc"	3279	"A"
"2II_F.1.3.1"	"nuc"	3454	"C"
"2II_F.1.3.1"	"nuc"	3633	"C"
"2II_F.1.3.1"	"nuc"	3702	"C"
"2II_F.1.3.1"	"nuc"	3921	"C"
"2II_F.1.3.1"	"nuc"	4008	"C"
"2II_F.1.3.1"	"nuc"	4225	"T"
"2II_F.1.3.1"	"nuc"	4377	"C"
"2II_F.1.3.1"	"nuc"	4608	"A"
"2II_F.1.3.1"	"nuc"	4662	"T"
"2II_F.1.3.1"	"nuc"	5676	"T"
"2II_F.1.3.1"	"nuc"	5704	"G"
"2II_F.1.3.1"	"nuc"	6093	"T"
"2II_F.1.3.1"	"nuc"	6576	"G"
"2II_F.1.3.1"	"nuc"	6603	"A"
"2II_F.1.3.1"	"nuc"	7362	"C"
"2II_F.1.3.1"	"nuc"	8430	"A"
"2II_F.1.3.1"	"E"	347	"I"
"2II_F.1.3.1"	"NS3"	395	"V"
			
"2II_F.1.3.2"	"nuc"	4990	"C"
"2II_F.1.3.2"	"nuc"	6804	"T"
"2II_F.1.3.2"	"nuc"	7881	"T"
			
"2II_F.2"	"nuc"	9512	"A"
"2II_F.2"	"NS5"	648	"E"
			
"2II_F.2.1"	"nuc"	3834	"A"
"2II_F.2.1"	"nuc"	4409	"T"
"2II_F.2.1"	"NS2B"	93	"L"
			
"2II_F.2.2"	"nuc"	1795	"C"
"2II_F.2.2"	"NS5"	790	"I"
			
"2II_F.2.3"	"nuc"	8571	"G"
"2II_F.2.3"	"nuc"	1255	"C"
"2II_F.2.3"	"nuc"	2697	"T"
"2II_F.2.3"	"nuc"	2835	"T"
"2II_F.2.3"	"nuc"	4071	"T"
"2II_F.2.3"	"nuc"	5688	"T"
"2II_F.2.3"	"nuc"	5850	"A"
"2II_F.2.3"	"nuc"	6411	"A"
"2II_F.2.3"	"nuc"	6519	"A"
"2II_F.2.3"	"nuc"	6633	"T"
"2II_F.2.3"	"nuc"	6775	"C"
"2II_F.2.3"	"nuc"	6828	"T"
"2II_F.2.3"	"nuc"	6972	"G"
"2II_F.2.3"	"nuc"	7536	"C"
"2II_F.2.3"	"nuc"	7542	"T"
"2II_F.2.3"	"nuc"	8358	"T"
"2II_F.2.3"	"nuc"	8589	"A"
"2II_F.2.3"	"nuc"	8676	"C"
"2II_F.2.3"	"nuc"	9393	"T"
"2II_F.2.3"	"nuc"	9495	"G"
			
"2IV"	"nuc"	294	"T"
"2IV"	"nuc"	841	"T"
"2IV"	"nuc"	1564	"C"
"2IV"	"nuc"	2572	"C"
"2IV"	"nuc"	2715	"T"
"2IV"	"nuc"	2790	"C"
"2IV"	"nuc"	4114	"C"
"2IV"	"nuc"	4932	"A"
"2IV"	"nuc"	4994	"A"
"2IV"	"nuc"	4999	"T"
"2IV"	"NS1"	51	"Q"
"2IV"	"NS1"	98	"H"
"2IV"	"NS3"	158	"N"
"2IV"	"NS3"	160	"S"
			
"2V"	"nuc"	1770	"C"
"2V"	"nuc"	3264	"T"
"2V"	"nuc"	3490	"G"
"2V"	"nuc"	4299	"A"
"2V"	"nuc"	4887	"A"
"2V"	"nuc"	6258	"T"
"2V"	"NS1"	281	"D"
"2V"	"NS2A"	5	"V"
			
"2VI"	"nuc"	270	"C"
"2VI"	"nuc"	582	"C"
"2VI"	"nuc"	1170	"T"
"2VI"	"nuc"	3000	"A"
"2VI"	"nuc"	3960	"C"
"2VI"	"nuc"	4302	"A"
"2VI"	"nuc"	5424	"C"
"2VI"	"nuc"	6963	"G"
"2VI"	"nuc"	9609	"A"
"2VI"	"C"	26	"I"
"2VI"	"E"	122	"L"
"2VI"	"NS1"	37	"D"
"2VI"	"NS1"	105	"K"
"2VI"	"NS1"	123	"V"
"2VI"	"NS1"	146	"S"
"2VI"	"NS2A"	33	"L"
"2VI"	"NS2A"	127	"I"
"2VI"	"NS2A"	163	"H"
"2VI"	"NS2A"	214	"P"
"2VI"	"NS2B"	126	"T"
"2VI"	"NS3"	213	"R"
"2VI"	"NS3"	353	"N"
"2VI"	"NS5"	72	"A"
"2VI"	"NS5"	269	"C"
"2VI"	"NS5"	274	"M"
"2VI"	"NS5"	390	"K"
"2VI"	"NS5"	397	"A"
"2VI"	"NS5"	820	"D"
"2VI"	"NS5"	835	"D"
"2VI"	"NS5"	872	"A"
"2VI"	"NS5"	876	"E"
			
"2V_A"	"nuc"	4722	"T"
"2V_A"	"nuc"	6135	"G"
"2V_A"	"nuc"	9162	"C"
			
"2V_A.1"	"nuc"	1415	"T"
"2V_A.1"	"nuc"	1530	"A"
"2V_A.1"	"E"	160	"M"
			
"2V_A.1.1"	"nuc"	5814	"T"
"2V_A.1.1"	"nuc"	858	"A"
"2V_A.1.1"	"nuc"	3810	"T"
"2V_A.1.1"	"nuc"	4815	"A"
"2V_A.1.1"	"nuc"	4944	"T"
"2V_A.1.1"	"nuc"	4959	"A"
"2V_A.1.1"	"nuc"	6732	"C"
"2V_A.1.1"	"nuc"	8493	"T"
"2V_A.1.1"	"nuc"	9720	"T"
"2V_A.1.1"	"nuc"	9753	"C"
			
"2V_A.1.2"	"nuc"	2589	"A"
"2V_A.1.2"	"nuc"	3646	"A"
"2V_A.1.2"	"nuc"	5331	"T"
"2V_A.1.2"	"nuc"	7996	"G"
"2V_A.1.2"	"nuc"	9223	"C"
"2V_A.1.2"	"NS2A"	57	"M"
"2V_A.1.2"	"NS5"	143	"V"
"2V_A.1.2"	"NS5"	552	"L"
			
"2V_A.1.3"	"nuc"	126	"T"
"2V_A.1.3"	"nuc"	438	"A"
"2V_A.1.3"	"nuc"	882	"C"
"2V_A.1.3"	"nuc"	2166	"A"
"2V_A.1.3"	"nuc"	2760	"C"
"2V_A.1.3"	"nuc"	2778	"C"
"2V_A.1.3"	"nuc"	2847	"A"
"2V_A.1.3"	"nuc"	4179	"C"
"2V_A.1.3"	"nuc"	4206	"C"
"2V_A.1.3"	"nuc"	4248	"C"
"2V_A.1.3"	"nuc"	4380	"T"
"2V_A.1.3"	"nuc"	4386	"A"
"2V_A.1.3"	"nuc"	4739	"G"
"2V_A.1.3"	"nuc"	5067	"C"
"2V_A.1.3"	"nuc"	5400	"C"
"2V_A.1.3"	"nuc"	5973	"T"
"2V_A.1.3"	"nuc"	6222	"C"
"2V_A.1.3"	"nuc"	6522	"A"
"2V_A.1.3"	"nuc"	7524	"C"
"2V_A.1.3"	"nuc"	8022	"G"
"2V_A.1.3"	"nuc"	9363	"G"
"2V_A.1.3"	"nuc"	9479	"C"
"2V_A.1.3"	"nuc"	9708	"T"
"2V_A.1.3"	"NS3"	73	"R"
"2V_A.1.3"	"NS5"	637	"A"
			
"2V_A.2"	"nuc"	1686	"C"
"2V_A.2"	"nuc"	1992	"T"
"2V_A.2"	"nuc"	2055	"T"
"2V_A.2"	"nuc"	2682	"C"
"2V_A.2"	"nuc"	3324	"C"
"2V_A.2"	"nuc"	3373	"C"
"2V_A.2"	"nuc"	3414	"T"
"2V_A.2"	"nuc"	3651	"C"
"2V_A.2"	"nuc"	3933	"T"
"2V_A.2"	"nuc"	3949	"A"
"2V_A.2"	"nuc"	4551	"T"
"2V_A.2"	"nuc"	4923	"A"
"2V_A.2"	"nuc"	5340	"C"
"2V_A.2"	"nuc"	5694	"C"
"2V_A.2"	"nuc"	6315	"C"
"2V_A.2"	"nuc"	6666	"T"
"2V_A.2"	"nuc"	6723	"T"
"2V_A.2"	"nuc"	7899	"T"
"2V_A.2"	"nuc"	8559	"G"
"2V_A.2"	"nuc"	9420	"T"
"2V_A.2"	"nuc"	9813	"A"
"2V_A.2"	"nuc"	10137	"A"
"2V_A.2"	"NS2A"	158	"T"
			
"2V_A.3"	"nuc"	1041	"T"
"2V_A.3"	"nuc"	582	"G"
"2V_A.3"	"nuc"	936	"G"
"2V_A.3"	"nuc"	1459	"C"
"2V_A.3"	"nuc"	1531	"T"
"2V_A.3"	"nuc"	2124	"C"
"2V_A.3"	"nuc"	2475	"A"
"2V_A.3"	"nuc"	2656	"T"
"2V_A.3"	"nuc"	2736	"A"
"2V_A.3"	"nuc"	3180	"G"
"2V_A.3"	"nuc"	3273	"G"
"2V_A.3"	"nuc"	3819	"T"
"2V_A.3"	"nuc"	4857	"G"
"2V_A.3"	"nuc"	6087	"G"
"2V_A.3"	"nuc"	6307	"C"
"2V_A.3"	"nuc"	6448	"T"
"2V_A.3"	"nuc"	6501	"C"
"2V_A.3"	"nuc"	6528	"T"
"2V_A.3"	"nuc"	6531	"G"
"2V_A.3"	"nuc"	7057	"T"
"2V_A.3"	"nuc"	7362	"C"
"2V_A.3"	"nuc"	7701	"T"
"2V_A.3"	"nuc"	7767	"C"
"2V_A.3"	"nuc"	9039	"G"
"2V_A.3"	"nuc"	9300	"A"
"2V_A.3"	"nuc"	9963	"T"
"2V_A.3"	"nuc"	10083	"T"
			
"2V_A.4"	"nuc"	1650	"T"
"2V_A.4"	"nuc"	2541	"G"
			
"2V_A.5"	"nuc"	1149	"G"
"2V_A.5"	"nuc"	6060	"A"
			
"2V_B"	"nuc"	1893	"A"
"2V_B"	"nuc"	3483	"A"
"2V_B"	"NS2A"	2	"Q"
			
"2V_C"	"nuc"	9012	"C"
"2V_C"	"nuc"	9735	"A"
"2V_C"	"M"	16	"M"
			
"2V_D"	"nuc"	125	"C"
"2V_D"	"nuc"	519	"T"
"2V_D"	"nuc"	1236	"G"
"2V_D"	"nuc"	7980	"C"
"2V_D"	"C"	10	"T"
			
"2V_E"	"nuc"	6420	"G"
"2V_E"	"nuc"	8580	"C"
"2V_E"	"M"	152	"T"
			
"Outgroup"	"nuc"	124	"C"
"Outgroup"	"nuc"	126	"A"
"Outgroup"	"nuc"	201	"G"
"Outgroup"	"nuc"	246	"T"
"Outgroup"	"nuc"	273	"A"
"Outgroup"	"nuc"	279	"C"
"Outgroup"	"nuc"	296	"C"
"Outgroup"	"nuc"	323	"G"
"Outgroup"	"nuc"	350	"A"
"Outgroup"	"nuc"	353	"G"
"Outgroup"	"nuc"	364	"C"
"Outgroup"	"nuc"	388	"C"
"Outgroup"	"nuc"	393	"G"
"Outgroup"	"nuc"	395	"A"
"Outgroup"	"nuc"	404	"C"
"Outgroup"	"nuc"	415	"T"
"Outgroup"	"nuc"	421	"G"
"Outgroup"	"nuc"	450	"G"
"Outgroup"	"nuc"	462	"T"
"Outgroup"	"nuc"	477	"A"
"Outgroup"	"nuc"	482	"C"
"Outgroup"	"nuc"	484	"C"
"Outgroup"	"nuc"	510	"A"
"Outgroup"	"nuc"	528	"G"
"Outgroup"	"nuc"	564	"A"
"Outgroup"	"nuc"	600	"A"
"Outgroup"	"nuc"	604	"T"
"Outgroup"	"nuc"	614	"G"
"Outgroup"	"nuc"	646	"A"
"Outgroup"	"nuc"	648	"A"
"Outgroup"	"nuc"	720	"C"
"Outgroup"	"nuc"	738	"C"
"Outgroup"	"nuc"	753	"C"
"Outgroup"	"nuc"	759	"A"
"Outgroup"	"nuc"	819	"A"
"Outgroup"	"nuc"	823	"C"
"Outgroup"	"nuc"	834	"G"
"Outgroup"	"nuc"	852	"C"
"Outgroup"	"nuc"	856	"A"
"Outgroup"	"nuc"	862	"A"
"Outgroup"	"nuc"	863	"T"
"Outgroup"	"nuc"	865	"G"
"Outgroup"	"nuc"	876	"C"
"Outgroup"	"nuc"	880	"A"
"Outgroup"	"nuc"	906	"G"
"Outgroup"	"nuc"	921	"G"
"Outgroup"	"nuc"	946	"G"
"Outgroup"	"nuc"	948	"G"
"Outgroup"	"nuc"	1053	"C"
"Outgroup"	"nuc"	1131	"C"
"Outgroup"	"nuc"	1134	"A"
"Outgroup"	"nuc"	1152	"A"
"Outgroup"	"nuc"	1209	"A"
"Outgroup"	"nuc"	1222	"C"
"Outgroup"	"nuc"	1269	"T"
"Outgroup"	"nuc"	1275	"A"
"Outgroup"	"nuc"	1281	"A"
"Outgroup"	"nuc"	1306	"T"
"Outgroup"	"nuc"	1323	"A"
"Outgroup"	"nuc"	1326	"C"
"Outgroup"	"nuc"	1355	"C"
"Outgroup"	"nuc"	1384	"T"
"Outgroup"	"nuc"	1392	"C"
"Outgroup"	"nuc"	1414	"C"
"Outgroup"	"nuc"	1419	"C"
"Outgroup"	"nuc"	1443	"A"
"Outgroup"	"nuc"	1457	"C"
"Outgroup"	"nuc"	1458	"C"
"Outgroup"	"nuc"	1479	"A"
"Outgroup"	"nuc"	1494	"A"
"Outgroup"	"nuc"	1584	"C"
"Outgroup"	"nuc"	1587	"C"
"Outgroup"	"nuc"	1593	"C"
"Outgroup"	"nuc"	1605	"C"
"Outgroup"	"nuc"	1632	"G"
"Outgroup"	"nuc"	1644	"T"
"Outgroup"	"nuc"	1650	"G"
"Outgroup"	"nuc"	1671	"C"
"Outgroup"	"nuc"	1689	"A"
"Outgroup"	"nuc"	1720	"T"
"Outgroup"	"nuc"	1725	"T"
"Outgroup"	"nuc"	1798	"C"
"Outgroup"	"nuc"	1813	"G"
"Outgroup"	"nuc"	1845	"T"
"Outgroup"	"nuc"	1872	"C"
"Outgroup"	"nuc"	1881	"T"
"Outgroup"	"nuc"	1899	"A"
"Outgroup"	"nuc"	1923	"G"
"Outgroup"	"nuc"	1926	"A"
"Outgroup"	"nuc"	1927	"A"
"Outgroup"	"nuc"	1941	"A"
"Outgroup"	"nuc"	1983	"A"
"Outgroup"	"nuc"	1992	"A"
"Outgroup"	"nuc"	1995	"T"
"Outgroup"	"nuc"	2004	"C"
"Outgroup"	"nuc"	2030	"C"
"Outgroup"	"nuc"	2049	"G"
"Outgroup"	"nuc"	2071	"T"
"Outgroup"	"nuc"	2101	"A"
"Outgroup"	"nuc"	2175	"A"
"Outgroup"	"nuc"	2193	"A"
"Outgroup"	"nuc"	2208	"A"
"Outgroup"	"nuc"	2220	"T"
"Outgroup"	"nuc"	2225	"A"
"Outgroup"	"nuc"	2226	"C"
"Outgroup"	"nuc"	2265	"G"
"Outgroup"	"nuc"	2269	"A"
"Outgroup"	"nuc"	2307	"A"
"Outgroup"	"nuc"	2349	"G"
"Outgroup"	"nuc"	2359	"A"
"Outgroup"	"nuc"	2365	"A"
"Outgroup"	"nuc"	2367	"C"
"Outgroup"	"nuc"	2376	"C"
"Outgroup"	"nuc"	2386	"C"
"Outgroup"	"nuc"	2415	"T"
"Outgroup"	"nuc"	2450	"C"
"Outgroup"	"nuc"	2529	"C"
"Outgroup"	"nuc"	2535	"G"
"Outgroup"	"nuc"	2541	"C"
"Outgroup"	"nuc"	2551	"G"
"Outgroup"	"nuc"	2589	"T"
"Outgroup"	"nuc"	2601	"T"
"Outgroup"	"nuc"	2637	"C"
"Outgroup"	"nuc"	2670	"C"
"Outgroup"	"nuc"	2716	"C"
"Outgroup"	"nuc"	2722	"C"
"Outgroup"	"nuc"	2745	"A"
"Outgroup"	"nuc"	2782	"T"
"Outgroup"	"nuc"	2791	"G"
"Outgroup"	"nuc"	2795	"G"
"Outgroup"	"nuc"	2805	"A"
"Outgroup"	"nuc"	2823	"A"
"Outgroup"	"nuc"	2835	"A"
"Outgroup"	"nuc"	2841	"C"
"Outgroup"	"nuc"	2854	"G"
"Outgroup"	"nuc"	2868	"G"
"Outgroup"	"nuc"	2898	"A"
"Outgroup"	"nuc"	2913	"A"
"Outgroup"	"nuc"	2929	"C"
"Outgroup"	"nuc"	2931	"T"
"Outgroup"	"nuc"	2934	"C"
"Outgroup"	"nuc"	2985	"G"
"Outgroup"	"nuc"	2994	"G"
"Outgroup"	"nuc"	3009	"A"
"Outgroup"	"nuc"	3035	"A"
"Outgroup"	"nuc"	3047	"G"
"Outgroup"	"nuc"	3073	"C"
"Outgroup"	"nuc"	3075	"A"
"Outgroup"	"nuc"	3093	"A"
"Outgroup"	"nuc"	3102	"C"
"Outgroup"	"nuc"	3105	"C"
"Outgroup"	"nuc"	3162	"A"
"Outgroup"	"nuc"	3164	"G"
"Outgroup"	"nuc"	3238	"T"
"Outgroup"	"nuc"	3285	"A"
"Outgroup"	"nuc"	3295	"A"
"Outgroup"	"nuc"	3296	"A"
"Outgroup"	"nuc"	3318	"C"
"Outgroup"	"nuc"	3324	"A"
"Outgroup"	"nuc"	3373	"A"
"Outgroup"	"nuc"	3456	"C"
"Outgroup"	"nuc"	3522	"A"
"Outgroup"	"nuc"	3609	"A"
"Outgroup"	"nuc"	3619	"G"
"Outgroup"	"nuc"	3626	"A"
"Outgroup"	"nuc"	3639	"C"
"Outgroup"	"nuc"	3649	"C"
"Outgroup"	"nuc"	3661	"T"
"Outgroup"	"nuc"	3690	"G"
"Outgroup"	"nuc"	3708	"C"
"Outgroup"	"nuc"	3741	"T"
"Outgroup"	"nuc"	3742	"T"
"Outgroup"	"nuc"	3747	"T"
"Outgroup"	"nuc"	3751	"A"
"Outgroup"	"nuc"	3781	"C"
"Outgroup"	"nuc"	3783	"C"
"Outgroup"	"nuc"	3795	"T"
"Outgroup"	"nuc"	3810	"A"
"Outgroup"	"nuc"	3825	"C"
"Outgroup"	"nuc"	3844	"A"
"Outgroup"	"nuc"	3849	"A"
"Outgroup"	"nuc"	3855	"T"
"Outgroup"	"nuc"	3858	"T"
"Outgroup"	"nuc"	3874	"T"
"Outgroup"	"nuc"	3888	"C"
"Outgroup"	"nuc"	3921	"A"
"Outgroup"	"nuc"	3925	"T"
"Outgroup"	"nuc"	3928	"T"
"Outgroup"	"nuc"	3930	"A"
"Outgroup"	"nuc"	3931	"T"
"Outgroup"	"nuc"	3934	"A"
"Outgroup"	"nuc"	3951	"G"
"Outgroup"	"nuc"	3961	"T"
"Outgroup"	"nuc"	3966	"A"
"Outgroup"	"nuc"	3980	"C"
"Outgroup"	"nuc"	3981	"A"
"Outgroup"	"nuc"	3997	"C"
"Outgroup"	"nuc"	4009	"G"
"Outgroup"	"nuc"	4017	"T"
"Outgroup"	"nuc"	4033	"A"
"Outgroup"	"nuc"	4059	"C"
"Outgroup"	"nuc"	4074	"T"
"Outgroup"	"nuc"	4078	"T"
"Outgroup"	"nuc"	4097	"A"
"Outgroup"	"nuc"	4101	"C"
"Outgroup"	"nuc"	4107	"A"
"Outgroup"	"nuc"	4119	"G"
"Outgroup"	"nuc"	4122	"G"
"Outgroup"	"nuc"	4164	"G"
"Outgroup"	"nuc"	4194	"G"
"Outgroup"	"nuc"	4199	"G"
"Outgroup"	"nuc"	4230	"T"
"Outgroup"	"nuc"	4242	"G"
"Outgroup"	"nuc"	4263	"G"
"Outgroup"	"nuc"	4290	"T"
"Outgroup"	"nuc"	4297	"T"
"Outgroup"	"nuc"	4315	"A"
"Outgroup"	"nuc"	4321	"G"
"Outgroup"	"nuc"	4347	"G"
"Outgroup"	"nuc"	4355	"A"
"Outgroup"	"nuc"	4356	"T"
"Outgroup"	"nuc"	4410	"C"
"Outgroup"	"nuc"	4416	"C"
"Outgroup"	"nuc"	4431	"C"
"Outgroup"	"nuc"	4437	"C"
"Outgroup"	"nuc"	4440	"T"
"Outgroup"	"nuc"	4456	"A"
"Outgroup"	"nuc"	4460	"A"
"Outgroup"	"nuc"	4468	"G"
"Outgroup"	"nuc"	4470	"T"
"Outgroup"	"nuc"	4511	"G"
"Outgroup"	"nuc"	4530	"T"
"Outgroup"	"nuc"	4581	"G"
"Outgroup"	"nuc"	4593	"C"
"Outgroup"	"nuc"	4635	"A"
"Outgroup"	"nuc"	4656	"C"
"Outgroup"	"nuc"	4695	"C"
"Outgroup"	"nuc"	4767	"A"
"Outgroup"	"nuc"	4772	"G"
"Outgroup"	"nuc"	4790	"C"
"Outgroup"	"nuc"	4812	"G"
"Outgroup"	"nuc"	4839	"T"
"Outgroup"	"nuc"	4848	"A"
"Outgroup"	"nuc"	4902	"A"
"Outgroup"	"nuc"	4912	"G"
"Outgroup"	"nuc"	4974	"G"
"Outgroup"	"nuc"	4983	"G"
"Outgroup"	"nuc"	4991	"A"
"Outgroup"	"nuc"	5034	"A"
"Outgroup"	"nuc"	5045	"T"
"Outgroup"	"nuc"	5046	"A"
"Outgroup"	"nuc"	5085	"C"
"Outgroup"	"nuc"	5146	"C"
"Outgroup"	"nuc"	5148	"T"
"Outgroup"	"nuc"	5193	"A"
"Outgroup"	"nuc"	5199	"G"
"Outgroup"	"nuc"	5259	"A"
"Outgroup"	"nuc"	5280	"C"
"Outgroup"	"nuc"	5323	"C"
"Outgroup"	"nuc"	5394	"C"
"Outgroup"	"nuc"	5406	"T"
"Outgroup"	"nuc"	5478	"C"
"Outgroup"	"nuc"	5499	"G"
"Outgroup"	"nuc"	5511	"T"
"Outgroup"	"nuc"	5530	"C"
"Outgroup"	"nuc"	5532	"C"
"Outgroup"	"nuc"	5640	"A"
"Outgroup"	"nuc"	5680	"C"
"Outgroup"	"nuc"	5736	"C"
"Outgroup"	"nuc"	5754	"T"
"Outgroup"	"nuc"	5817	"A"
"Outgroup"	"nuc"	5823	"C"
"Outgroup"	"nuc"	5850	"T"
"Outgroup"	"nuc"	5859	"G"
"Outgroup"	"nuc"	5871	"A"
"Outgroup"	"nuc"	5874	"A"
"Outgroup"	"nuc"	5877	"G"
"Outgroup"	"nuc"	5955	"A"
"Outgroup"	"nuc"	6036	"A"
"Outgroup"	"nuc"	6039	"A"
"Outgroup"	"nuc"	6040	"G"
"Outgroup"	"nuc"	6050	"G"
"Outgroup"	"nuc"	6084	"A"
"Outgroup"	"nuc"	6106	"T"
"Outgroup"	"nuc"	6117	"A"
"Outgroup"	"nuc"	6123	"T"
"Outgroup"	"nuc"	6129	"C"
"Outgroup"	"nuc"	6147	"T"
"Outgroup"	"nuc"	6153	"G"
"Outgroup"	"nuc"	6183	"G"
"Outgroup"	"nuc"	6185	"A"
"Outgroup"	"nuc"	6250	"C"
"Outgroup"	"nuc"	6279	"A"
"Outgroup"	"nuc"	6315	"G"
"Outgroup"	"nuc"	6321	"A"
"Outgroup"	"nuc"	6335	"A"
"Outgroup"	"nuc"	6348	"T"
"Outgroup"	"nuc"	6363	"C"
"Outgroup"	"nuc"	6379	"A"
"Outgroup"	"nuc"	6380	"C"
"Outgroup"	"nuc"	6412	"T"
"Outgroup"	"nuc"	6420	"G"
"Outgroup"	"nuc"	6422	"A"
"Outgroup"	"nuc"	6429	"A"
"Outgroup"	"nuc"	6438	"G"
"Outgroup"	"nuc"	6482	"A"
"Outgroup"	"nuc"	6499	"C"
"Outgroup"	"nuc"	6501	"G"
"Outgroup"	"nuc"	6507	"A"
"Outgroup"	"nuc"	6528	"A"
"Outgroup"	"nuc"	6585	"T"
"Outgroup"	"nuc"	6606	"A"
"Outgroup"	"nuc"	6612	"T"
"Outgroup"	"nuc"	6628	"C"
"Outgroup"	"nuc"	6631	"G"
"Outgroup"	"nuc"	6639	"C"
"Outgroup"	"nuc"	6660	"T"
"Outgroup"	"nuc"	6669	"C"
"Outgroup"	"nuc"	6699	"T"
"Outgroup"	"nuc"	6732	"G"
"Outgroup"	"nuc"	6762	"A"
"Outgroup"	"nuc"	6801	"A"
"Outgroup"	"nuc"	6864	"G"
"Outgroup"	"nuc"	6870	"T"
"Outgroup"	"nuc"	6880	"T"
"Outgroup"	"nuc"	6881	"A"
"Outgroup"	"nuc"	6887	"C"
"Outgroup"	"nuc"	6888	"C"
"Outgroup"	"nuc"	6889	"T"
"Outgroup"	"nuc"	6893	"A"
"Outgroup"	"nuc"	6930	"T"
"Outgroup"	"nuc"	6936	"C"
"Outgroup"	"nuc"	6975	"C"
"Outgroup"	"nuc"	7006	"A"
"Outgroup"	"nuc"	7008	"C"
"Outgroup"	"nuc"	7014	"T"
"Outgroup"	"nuc"	7102	"T"
"Outgroup"	"nuc"	7153	"T"
"Outgroup"	"nuc"	7182	"A"
"Outgroup"	"nuc"	7197	"T"
"Outgroup"	"nuc"	7206	"T"
"Outgroup"	"nuc"	7281	"T"
"Outgroup"	"nuc"	7290	"T"
"Outgroup"	"nuc"	7299	"T"
"Outgroup"	"nuc"	7360	"G"
"Outgroup"	"nuc"	7410	"A"
"Outgroup"	"nuc"	7411	"A"
"Outgroup"	"nuc"	7518	"A"
"Outgroup"	"nuc"	7578	"A"
"Outgroup"	"nuc"	7580	"T"
"Outgroup"	"nuc"	7581	"G"
"Outgroup"	"nuc"	7596	"T"
"Outgroup"	"nuc"	7641	"T"
"Outgroup"	"nuc"	7665	"C"
"Outgroup"	"nuc"	7719	"C"
"Outgroup"	"nuc"	7738	"A"
"Outgroup"	"nuc"	7782	"G"
"Outgroup"	"nuc"	7794	"C"
"Outgroup"	"nuc"	7803	"T"
"Outgroup"	"nuc"	7863	"C"
"Outgroup"	"nuc"	7890	"T"
"Outgroup"	"nuc"	7938	"C"
"Outgroup"	"nuc"	7956	"C"
"Outgroup"	"nuc"	7965	"G"
"Outgroup"	"nuc"	8034	"C"
"Outgroup"	"nuc"	8068	"A"
"Outgroup"	"nuc"	8115	"A"
"Outgroup"	"nuc"	8179	"A"
"Outgroup"	"nuc"	8211	"A"
"Outgroup"	"nuc"	8243	"G"
"Outgroup"	"nuc"	8265	"C"
"Outgroup"	"nuc"	8277	"C"
"Outgroup"	"nuc"	8286	"C"
"Outgroup"	"nuc"	8319	"G"
"Outgroup"	"nuc"	8375	"C"
"Outgroup"	"nuc"	8391	"T"
"Outgroup"	"nuc"	8427	"T"
"Outgroup"	"nuc"	8437	"C"
"Outgroup"	"nuc"	8440	"A"
"Outgroup"	"nuc"	8456	"T"
"Outgroup"	"nuc"	8466	"G"
"Outgroup"	"nuc"	8520	"C"
"Outgroup"	"nuc"	8538	"C"
"Outgroup"	"nuc"	8544	"A"
"Outgroup"	"nuc"	8550	"C"
"Outgroup"	"nuc"	8553	"C"
"Outgroup"	"nuc"	8571	"G"
"Outgroup"	"nuc"	8586	"C"
"Outgroup"	"nuc"	8626	"A"
"Outgroup"	"nuc"	8628	"A"
"Outgroup"	"nuc"	8697	"G"
"Outgroup"	"nuc"	8717	"C"
"Outgroup"	"nuc"	8731	"C"
"Outgroup"	"nuc"	8778	"T"
"Outgroup"	"nuc"	8829	"C"
"Outgroup"	"nuc"	8836	"A"
"Outgroup"	"nuc"	8847	"G"
"Outgroup"	"nuc"	8859	"C"
"Outgroup"	"nuc"	8868	"T"
"Outgroup"	"nuc"	8877	"T"
"Outgroup"	"nuc"	8898	"G"
"Outgroup"	"nuc"	8967	"A"
"Outgroup"	"nuc"	8983	"C"
"Outgroup"	"nuc"	8991	"C"
"Outgroup"	"nuc"	9033	"A"
"Outgroup"	"nuc"	9036	"C"
"Outgroup"	"nuc"	9045	"C"
"Outgroup"	"nuc"	9069	"G"
"Outgroup"	"nuc"	9139	"G"
"Outgroup"	"nuc"	9140	"C"
"Outgroup"	"nuc"	9192	"T"
"Outgroup"	"nuc"	9199	"G"
"Outgroup"	"nuc"	9200	"A"
"Outgroup"	"nuc"	9257	"C"
"Outgroup"	"nuc"	9285	"C"
"Outgroup"	"nuc"	9313	"C"
"Outgroup"	"nuc"	9315	"T"
"Outgroup"	"nuc"	9318	"C"
"Outgroup"	"nuc"	9326	"A"
"Outgroup"	"nuc"	9364	"C"
"Outgroup"	"nuc"	9381	"A"
"Outgroup"	"nuc"	9394	"T"
"Outgroup"	"nuc"	9396	"A"
"Outgroup"	"nuc"	9450	"T"
"Outgroup"	"nuc"	9466	"T"
"Outgroup"	"nuc"	9467	"C"
"Outgroup"	"nuc"	9500	"T"
"Outgroup"	"nuc"	9528	"T"
"Outgroup"	"nuc"	9536	"G"
"Outgroup"	"nuc"	9538	"C"
"Outgroup"	"nuc"	9540	"T"
"Outgroup"	"nuc"	9570	"C"
"Outgroup"	"nuc"	9630	"A"
"Outgroup"	"nuc"	9666	"T"
"Outgroup"	"nuc"	9715	"A"
"Outgroup"	"nuc"	9741	"G"
"Outgroup"	"nuc"	9750	"C"
"Outgroup"	"nuc"	9754	"C"
"Outgroup"	"nuc"	9777	"G"
"Outgroup"	"nuc"	9808	"G"
"Outgroup"	"nuc"	9838	"G"
"Outgroup"	"nuc"	9846	"A"
"Outgroup"	"nuc"	9877	"A"
"Outgroup"	"nuc"	9915	"T"
"Outgroup"	"nuc"	10001	"A"
"Outgroup"	"nuc"	10005	"A"
"Outgroup"	"nuc"	10023	"A"
"Outgroup"	"nuc"	10170	"T"
"Outgroup"	"nuc"	10173	"G"
"Outgroup"	"nuc"	10179	"G"
"Outgroup"	"nuc"	10191	"A"
"Outgroup"	"nuc"	10194	"G"
"Outgroup"	"nuc"	10246	"C"
"Outgroup"	"nuc"	10256	"A"
"Outgroup"	"nuc"	10263	"A"
"Outgroup"	"C"	10	"Q"
"Outgroup"	"C"	63	"M"
"Outgroup"	"C"	67	"T"
"Outgroup"	"C"	76	"R"
"Outgroup"	"C"	85	"K"
"Outgroup"	"C"	86	"R"
"Outgroup"	"C"	99	"K"
"Outgroup"	"C"	100	"K"
"Outgroup"	"C"	103	"A"
"Outgroup"	"C"	107	"L"
"Outgroup"	"C"	109	"V"
"Outgroup"	"M"	15	"A"
"Outgroup"	"M"	59	"S"
"Outgroup"	"M"	70	"T"
"Outgroup"	"M"	140	"I"
"Outgroup"	"M"	142	"M"
"Outgroup"	"M"	143	"A"
"Outgroup"	"M"	148	"N"
"Outgroup"	"E"	4	"V"
"Outgroup"	"E"	83	"P"
"Outgroup"	"E"	96	"L"
"Outgroup"	"E"	124	"Y"
"Outgroup"	"E"	140	"A"
"Outgroup"	"E"	150	"S"
"Outgroup"	"E"	160	"Q"
"Outgroup"	"E"	161	"D"
"Outgroup"	"E"	174	"A"
"Outgroup"	"E"	262	"S"
"Outgroup"	"E"	293	"E"
"Outgroup"	"E"	365	"T"
"Outgroup"	"E"	379	"L"
"Outgroup"	"E"	389	"M"
"Outgroup"	"E"	430	"N"
"Outgroup"	"E"	445	"N"
"Outgroup"	"E"	475	"M"
"Outgroup"	"E"	477	"I"
"Outgroup"	"E"	481	"M"
"Outgroup"	"E"	484	"L"
"Outgroup"	"NS1"	10	"T"
"Outgroup"	"NS1"	44	"A"
"Outgroup"	"NS1"	99	"Q"
"Outgroup"	"NS1"	121	"S"
"Outgroup"	"NS1"	124	"V"
"Outgroup"	"NS1"	128	"T"
"Outgroup"	"NS1"	145	"D"
"Outgroup"	"NS1"	177	"T"
"Outgroup"	"NS1"	191	"E"
"Outgroup"	"NS1"	205	"K"
"Outgroup"	"NS1"	209	"S"
"Outgroup"	"NS1"	218	"L"
"Outgroup"	"NS1"	248	"G"
"Outgroup"	"NS1"	286	"I"
"Outgroup"	"NS1"	292	"N"
"Outgroup"	"NS1"	318	"M"
"Outgroup"	"NS2A"	15	"I"
"Outgroup"	"NS2A"	23	"M"
"Outgroup"	"NS2A"	32	"T"
"Outgroup"	"NS2A"	35	"M"
"Outgroup"	"NS2A"	37	"I"
"Outgroup"	"NS2A"	48	"V"
"Outgroup"	"NS2A"	50	"Y"
"Outgroup"	"NS2A"	58	"L"
"Outgroup"	"NS2A"	62	"S"
"Outgroup"	"NS2A"	89	"L"
"Outgroup"	"NS2A"	92	"M"
"Outgroup"	"NS2A"	102	"L"
"Outgroup"	"NS2A"	111	"I"
"Outgroup"	"NS2A"	115	"D"
"Outgroup"	"NS2A"	123	"I"
"Outgroup"	"NS2A"	127	"C"
"Outgroup"	"NS2A"	133	"L"
"Outgroup"	"NS2A"	137	"T"
"Outgroup"	"NS2A"	150	"L"
"Outgroup"	"NS2A"	151	"S"
"Outgroup"	"NS2A"	152	"L"
"Outgroup"	"NS2A"	153	"T"
"Outgroup"	"NS2A"	162	"W"
"Outgroup"	"NS2A"	168	"T"
"Outgroup"	"NS2A"	174	"L"
"Outgroup"	"NS2A"	177	"M"
"Outgroup"	"NS2A"	178	"A"
"Outgroup"	"NS2A"	199	"Y"
"Outgroup"	"NS2A"	207	"Y"
"Outgroup"	"NS2A"	208	"F"
"Outgroup"	"NS2A"	215	"K"
"Outgroup"	"NS2B"	8	"V"
"Outgroup"	"NS2B"	23	"R"
"Outgroup"	"NS2B"	56	"S"
"Outgroup"	"NS2B"	62	"N"
"Outgroup"	"NS2B"	64	"D"
"Outgroup"	"NS2B"	75	"N"
"Outgroup"	"NS2B"	93	"N"
"Outgroup"	"NS2B"	109	"M"
"Outgroup"	"NS2B"	110	"Y"
"Outgroup"	"NS2B"	112	"M"
"Outgroup"	"NS2B"	113	"A"
"Outgroup"	"NS2B"	123	"F"
"Outgroup"	"NS2B"	127	"R"
"Outgroup"	"NS3"	13	"T"
"Outgroup"	"NS3"	60	"C"
"Outgroup"	"NS3"	84	"R"
"Outgroup"	"NS3"	90	"T"
"Outgroup"	"NS3"	115	"M"
"Outgroup"	"NS3"	131	"A"
"Outgroup"	"NS3"	156	"M"
"Outgroup"	"NS3"	157	"K"
"Outgroup"	"NS3"	171	"R"
"Outgroup"	"NS3"	175	"I"
"Outgroup"	"NS3"	507	"A"
"Outgroup"	"NS3"	510	"G"
"Outgroup"	"NS3"	516	"T"
"Outgroup"	"NS3"	529	"S"
"Outgroup"	"NS3"	555	"Y"
"Outgroup"	"NS3"	567	"V"
"Outgroup"	"NS3"	577	"L"
"Outgroup"	"NS3"	605	"Q"
"Outgroup"	"NS4A"	2	"T"
"Outgroup"	"NS4A"	16	"Y"
"Outgroup"	"NS4A"	36	"E"
"Outgroup"	"NS4A"	42	"Q"
"Outgroup"	"NS4A"	85	"L"
"Outgroup"	"NS4A"	86	"G"
"Outgroup"	"NS4B"	19	"Y"
"Outgroup"	"NS4B"	21	"A"
"Outgroup"	"NS4B"	22	"S"
"Outgroup"	"NS4B"	23	"H"
"Outgroup"	"NS4B"	47	"L"
"Outgroup"	"NS4B"	61	"T"
"Outgroup"	"NS4B"	105	"L"
"Outgroup"	"NS4B"	110	"S"
"Outgroup"	"NS4B"	179	"A"
"Outgroup"	"NS4B"	196	"I"
"Outgroup"	"NS4B"	244	"V"
"Outgroup"	"NS5"	4	"V"
"Outgroup"	"NS5"	5	"A"
"Outgroup"	"NS5"	16	"K"
"Outgroup"	"NS5"	34	"I"
"Outgroup"	"NS5"	167	"M"
"Outgroup"	"NS5"	204	"T"
"Outgroup"	"NS5"	269	"T"
"Outgroup"	"NS5"	286	"D"
"Outgroup"	"NS5"	290	"Q"
"Outgroup"	"NS5"	291	"T"
"Outgroup"	"NS5"	296	"L"
"Outgroup"	"NS5"	321	"I"
"Outgroup"	"NS5"	376	"L"
"Outgroup"	"NS5"	383	"A"
"Outgroup"	"NS5"	388	"H"
"Outgroup"	"NS5"	390	"V"
"Outgroup"	"NS5"	420	"S"
"Outgroup"	"NS5"	423	"K"
"Outgroup"	"NS5"	430	"A"
"Outgroup"	"NS5"	433	"D"
"Outgroup"	"NS5"	467	"R"
"Outgroup"	"NS5"	523	"G"
"Outgroup"	"NS5"	524	"A"
"Outgroup"	"NS5"	544	"E"
"Outgroup"	"NS5"	555	"E"
"Outgroup"	"NS5"	563	"T"
"Outgroup"	"NS5"	586	"K"
"Outgroup"	"NS5"	631	"D"
"Outgroup"	"NS5"	633	"S"
"Outgroup"	"NS5"	643	"I"
"Outgroup"	"NS5"	644	"L"
"Outgroup"	"NS5"	649	"E"
"Outgroup"	"NS5"	653	"D"
"Outgroup"	"NS5"	696	"A"
"Outgroup"	"NS5"	716	"I"
"Outgroup"	"NS5"	747	"A"
"Outgroup"	"NS5"	757	"A"
"Outgroup"	"NS5"	800	"H"
"Outgroup"	"NS5"	811	"D"
"Outgroup"	"NS5"	825	"D"
"Outgroup"	"NS5"	865	"V"
"Outgroup"	"NS5"	893	"Q"
"Outgroup"	"NS5"	894	"S"
"Outgroup"	"NS5"	895	"T"
"Outgroup"	"NS5"	896	"E"
