clade	gene	site	alt
3I	nuc	339	G
3I	nuc	712	G
3I	nuc	838	A
3I	nuc	1501	A
3I	nuc	1597	G
3I	nuc	1876	A
3I	nuc	3055	G
3I	nuc	3310	G
3I	nuc	5464	C
3I	nuc	5848	G
3I	nuc	8341	G
3I	nuc	8746	G
3I	nuc	9622	A
3I	nuc	9655	G
3I	C	82	R

3II	nuc	386	A
3II	nuc	688	G
3II	nuc	847	T
3II	nuc	1207	A
3II	nuc	1261	A
3II	nuc	1609	G
3II	nuc	2284	A
3II	nuc	2443	A
3II	nuc	2575	C
3II	nuc	2611	A
3II	nuc	3223	G
3II	nuc	3901	G
3II	nuc	4897	A
3II	nuc	5326	A
3II	nuc	7312	C
3II	nuc	7486	T
3II	nuc	8611	G
3II	nuc	9571	G
3II	nuc	9661	T

3III	nuc	418	A
3III	nuc	421	G
3III	nuc	889	G
3III	nuc	1180	G
3III	nuc	1735	A
3III	nuc	1835	A
3III	nuc	1867	A
3III	nuc	2005	T
3III	nuc	2227	C
3III	nuc	2288	G
3III	nuc	2347	A
3III	nuc	2764	G
3III	nuc	4096	T
3III	nuc	4867	T
3III	nuc	5002	C
3III	nuc	6215	C
3III	nuc	7400	T
3III	nuc	7573	C
3III	nuc	8548	T
3III	nuc	8899	A
3III	nuc	9025	C
3III	nuc	9115	A
3III	nuc	9121	G
3III	nuc	9217	G
3III	nuc	10155	C
3III	C	108	I
3III	E	301	T
3III	E	452	V
3III	NS3	568	Q
3III	NS5	864	P

3III_A	nuc	1589	G
3III_A	nuc	1996	T
3III_A	nuc	4324	G
3III_A	nuc	4819	A
3III_A	nuc	4996	T
3III_A	nuc	5848	C
3III_A	nuc	10024	A
3III_A	E	219	A
3III_A	NS5	820	E

3III_A.1	nuc	4783	G
3III_A.1	nuc	6028	A

3III_A.2	nuc	3525	A
3III_A.2	nuc	5656	G
3III_A.2	nuc	8686	A
3III_A.2	NS2A	19	Y

3III_B	nuc	256	T
3III_B	nuc	265	G
3III_B	nuc	1306	G
3III_B	nuc	3115	C
3III_B	nuc	4279	A
3III_B	nuc	4447	T
3III_B	nuc	4858	A
3III_B	nuc	4990	C
3III_B	nuc	5803	A
3III_B	nuc	6016	T
3III_B	nuc	6784	A
3III_B	nuc	7273	A
3III_B	nuc	7363	G
3III_B	nuc	7576	T
3III_B	nuc	9249	T
3III_B	NS1	178	M
3III_B	NS4B	151	I
3III_B	NS5	562	L

3III_B.1	nuc	7732	G
3III_B.1	nuc	235	C
3III_B.1	nuc	351	G
3III_B.1	nuc	358	C
3III_B.1	nuc	529	T
3III_B.1	nuc	796	T
3III_B.1	nuc	2311	C
3III_B.1	nuc	2315	C
3III_B.1	nuc	3815	T
3III_B.1	nuc	4591	G
3III_B.1	nuc	5347	C
3III_B.1	nuc	5455	T
3III_B.1	nuc	5578	T
3III_B.1	nuc	5689	A
3III_B.1	nuc	6094	A
3III_B.1	nuc	6118	A
3III_B.1	nuc	6670	T
3III_B.1	nuc	6868	C
3III_B.1	nuc	7351	C
3III_B.1	nuc	7400	C
3III_B.1	nuc	7963	C
3III_B.1	nuc	8770	T
3III_B.1	nuc	8893	A
3III_B.1	nuc	9037	G
3III_B.1	nuc	9103	A
3III_B.1	nuc	9424	G
3III_B.1	nuc	9493	C
3III_B.1	nuc	9805	T
3III_B.1	nuc	10237	A
3III_B.1	C	86	R
3III_B.1	NS3	392	E

3III_B.2	nuc	1867	G
3III_B.2	nuc	2401	A
3III_B.2	nuc	3292	G
3III_B.2	nuc	3809	A
3III_B.2	NS2A	114	I

3III_B.2.1	nuc	1249	C
3III_B.2.1	nuc	2389	T
3III_B.2.1	nuc	2627	A
3III_B.2.1	nuc	3319	T
3III_B.2.1	nuc	3902	C
3III_B.2.1	nuc	4235	C
3III_B.2.1	nuc	5308	T
3III_B.2.1	nuc	6610	A
3III_B.2.1	nuc	6619	T
3III_B.2.1	nuc	6835	T
3III_B.2.1	nuc	8599	T
3III_B.2.1	nuc	8884	G
3III_B.2.1	nuc	9928	A
3III_B.2.1	nuc	10217	G
3III_B.2.1	NS1	72	T
3III_B.2.1	NS5	885	A

3III_B.2.2	nuc	1345	C
3III_B.2.2	nuc	2010	G
3III_B.2.2	nuc	4777	G
3III_B.2.2	nuc	5272	A
3III_B.2.2	nuc	6436	G
3III_B.2.2	nuc	7388	C
3III_B.2.2	nuc	7636	A
3III_B.2.2	E	359	R

3III_B.3	nuc	334	T
3III_B.3	nuc	2023	C
3III_B.3	nuc	4468	A
3III_B.3	nuc	7972	G
3III_B.3	nuc	8563	A
3III_B.3	nuc	8635	G
3III_B.3	nuc	10052	A
3III_B.3	NS5	830	I

3III_B.3.1	nuc	3883	G
3III_B.3.1	nuc	4048	T
3III_B.3.1	nuc	4315	C
3III_B.3.1	nuc	5407	G
3III_B.3.1	nuc	9073	T
3III_B.3.1	nuc	9400	C
3III_B.3.1	nuc	9824	C
3III_B.3.1	nuc	9934	T
3III_B.3.1	NS2B	64	D

3III_B.3.2	nuc	781	G
3III_B.3.2	nuc	3844	C
3III_B.3.2	nuc	4025	T
3III_B.3.2	nuc	5461	A
3III_B.3.2	nuc	6484	C
3III_B.3.2	NS2A	186	L

3III_B.4	nuc	3415	G
3III_B.4	nuc	6282	G
3III_B.4	nuc	8275	A
3III_B.4	NS3	590	R

3III_C	nuc	685	C
3III_C	nuc	790	G
3III_C	nuc	1246	A
3III_C	nuc	1606	G
3III_C	nuc	3208	G
3III_C	nuc	3397	T
3III_C	nuc	3661	A
3III_C	nuc	5017	G
3III_C	nuc	5569	A
3III_C	nuc	6427	T
3III_C	nuc	6520	G
3III_C	nuc	6586	A
3III_C	nuc	7090	A
3III_C	nuc	8676	G
3III_C	nuc	8685	G
3III_C	nuc	8851	T
3III_C	nuc	9373	A
3III_C	NS5	371	R
3III_C	NS5	374	G

3III_C.1	nuc	5293	G
3III_C.1	nuc	5401	T
3III_C.1	nuc	6486	A
3III_C.1	nuc	7099	G
3III_C.1	NS4A	39	K

3III_C.2	nuc	874	A
3III_C.2	nuc	1051	A
3III_C.2	nuc	4543	C
3III_C.2	nuc	5419	G
3III_C.2	nuc	8680	C

3III_C.2.1	nuc	3049	G
3III_C.2.1	nuc	3265	G
3III_C.2.1	nuc	6352	A
3III_C.2.1	nuc	6838	A
3III_C.2.1	E	81	T
3III_C.2.1	NS3	613	E

3III_C.2.2	nuc	970	A
3III_C.2.2	nuc	1720	A
3III_C.2.2	nuc	9763	G

3II_A	nuc	2197	T
3II_A	nuc	2635	G
3II_A	nuc	4007	C
3II_A	nuc	4052	A
3II_A	nuc	4113	C
3II_A	nuc	5709	G
3II_A	nuc	9661	G
3II_A	NS2A	195	T
3II_A	NS2A	215	P
3II_A	NS3	399	R

3II_A.1	nuc	319	G
3II_A.1	nuc	1176	T
3II_A.1	nuc	4114	A
3II_A.1	nuc	6136	A
3II_A.1	E	81	I

3II_A.2	nuc	541	T
3II_A.2	nuc	1044	G
3II_A.2	nuc	7009	T
3II_A.2	nuc	8082	G
3II_A.2	E	37	S
3II_A.2	NS5	173	R

3II_A.3	nuc	1318	G
3II_A.3	nuc	2155	G
3II_A.3	nuc	4694	C
3II_A.3	nuc	7858	G
3II_A.3	nuc	8272	G
3II_A.3	nuc	9661	A
3II_A.3	NS3	61	H

3II_A.4	nuc	571	C
3II_A.4	nuc	1085	T
3II_A.4	nuc	1258	C
3II_A.4	nuc	4222	A
3II_A.4	nuc	6964	T
3II_A.4	E	51	S

3II_A.5	nuc	401	A
3II_A.5	nuc	1435	T
3II_A.5	nuc	5014	G
3II_A.5	nuc	5219	T
3II_A.5	nuc	7687	T
3II_A.5	C	103	I

3II_B	nuc	4159	C
3II_B	nuc	7312	T
3II_B	nuc	9115	C
3II_B	nuc	9661	C

3I_A	nuc	283	G
3I_A	nuc	287	A
3I_A	nuc	655	G
3I_A	nuc	1441	C
3I_A	nuc	2227	G
3I_A	nuc	2809	C
3I_A	nuc	2989	A
3I_A	nuc	3221	C
3I_A	nuc	4177	A
3I_A	nuc	4792	A
3I_A	nuc	5011	T
3I_A	nuc	6376	C
3I_A	nuc	7114	C
3I_A	nuc	7387	A
3I_A	nuc	10159	C
3I_A	nuc	10174	A
3I_A	C	65	I

3I_A.1	nuc	2222	T
3I_A.1	nuc	2914	C
3I_A.1	nuc	3151	C
3I_A.1	nuc	4699	G
3I_A.1	nuc	5464	T
3I_A.1	nuc	5617	C
3I_A.1	nuc	6667	C
3I_A.1	nuc	6736	G
3I_A.1	nuc	8605	C
3I_A.1	nuc	8713	T

3I_A.1.1	nuc	619	C
3I_A.1.1	nuc	2242	G
3I_A.1.1	nuc	2929	C
3I_A.1.1	nuc	6325	C
3I_A.1.1	nuc	8270	C
3I_A.1.1	nuc	10028	T
3I_A.1.1	NS5	822	S

3I_A.1.2	nuc	1936	T
3I_A.1.2	nuc	4951	G
3I_A.1.2	nuc	5561	A
3I_A.1.2	nuc	6364	C
3I_A.1.2	nuc	6709	T
3I_A.1.2	nuc	8176	C
3I_A.1.2	nuc	8273	T
3I_A.1.2	NS2B	59	M
3I_A.1.2	NS3	350	N

3I_A.2	nuc	664	T
3I_A.2	nuc	727	C
3I_A.2	nuc	1602	T
3I_A.2	nuc	2230	G
3I_A.2	nuc	3124	A
3I_A.2	nuc	4019	A
3I_A.2	nuc	4069	G
3I_A.2	nuc	4429	G
3I_A.2	nuc	4889	G
3I_A.2	nuc	5374	C
3I_A.2	nuc	7980	G
3I_A.2	nuc	8488	C
3I_A.2	nuc	8774	G
3I_A.2	E	223	I
3I_A.2	NS2A	184	T
3I_A.2	NS3	126	V
3I_A.2	NS5	139	R
3I_A.2	NS5	404	A

3I_B	nuc	1597	A
3I_B	nuc	1783	T
3I_B	nuc	3997	T
3I_B	nuc	4534	T
3I_B	nuc	6094	G
3I_B	nuc	6199	G
3I_B	nuc	7567	G
3I_B	nuc	8842	G
3I_B	nuc	9511	A

3I_C	nuc	352	A
3I_C	nuc	1618	A
3I_C	nuc	2776	T
3I_C	nuc	2960	T
3I_C	nuc	3208	C
3I_C	nuc	4054	C
3I_C	nuc	5072	A
3I_C	nuc	6847	C
3I_C	nuc	7947	C
3I_C	nuc	9513	G
3I_C	NS5	128	T
3I_C	NS5	650	R

3I_C.1	nuc	2146	A
3I_C.1	nuc	2569	C
3I_C.1	nuc	5398	T
3I_C.1	nuc	6880	A
3I_C.1	nuc	7775	A
3I_C.1	nuc	8057	T
3I_C.1	nuc	9667	A
3I_C.1	NS5	71	I
3I_C.1	NS5	701	Q

3I_C.2	nuc	1924	T
3I_C.2	nuc	2962	G
3I_C.2	nuc	4336	T
3I_C.2	nuc	5182	A
3I_C.2	nuc	6190	G
3I_C.2	nuc	7360	G
3I_C.2	nuc	7554	A
3I_C.2	nuc	7555	C
3I_C.2	nuc	9385	A
3I_C.2	nuc	9685	A
3I_C.2	NS4B	245	N

3V	nuc	2755	T
3V	nuc	3275	T
3V	nuc	3813	G
3V	nuc	4990	A
3V	nuc	5524	G
3V	nuc	6523	G
3V	nuc	6550	G
3V	nuc	7177	A
3V	nuc	7969	G
3V	nuc	8116	A
3V	nuc	8494	A
3V	nuc	9037	C
3V	nuc	10060	G
3V	nuc	10117	A
3V	NS1	288	S
3V	NS2A	115	R

Outgroup	nuc	209	G
Outgroup	nuc	247	C
Outgroup	nuc	280	G
Outgroup	nuc	281	A
Outgroup	nuc	290	C
Outgroup	nuc	393	G
Outgroup	nuc	479	A
Outgroup	nuc	628	C
Outgroup	nuc	644	T
Outgroup	nuc	705	G
Outgroup	nuc	839	C
Outgroup	nuc	1048	A
Outgroup	nuc	1078	T
Outgroup	nuc	1122	C
Outgroup	nuc	1137	C
Outgroup	nuc	1171	G
Outgroup	nuc	1294	C
Outgroup	nuc	1363	T
Outgroup	nuc	1394	A
Outgroup	nuc	1611	T
Outgroup	nuc	1743	T
Outgroup	nuc	2062	T
Outgroup	nuc	2197	G
Outgroup	nuc	2224	T
Outgroup	nuc	2536	G
Outgroup	nuc	2557	T
Outgroup	nuc	2599	G
Outgroup	nuc	2619	G
Outgroup	nuc	2717	C
Outgroup	nuc	2721	T
Outgroup	nuc	2750	C
Outgroup	nuc	2890	A
Outgroup	nuc	2929	G
Outgroup	nuc	3208	T
Outgroup	nuc	3256	G
Outgroup	nuc	3277	T
Outgroup	nuc	3316	G
Outgroup	nuc	3683	A
Outgroup	nuc	3697	C
Outgroup	nuc	3716	G
Outgroup	nuc	3730	A
Outgroup	nuc	3766	G
Outgroup	nuc	3859	C
Outgroup	nuc	3970	C
Outgroup	nuc	3998	T
Outgroup	nuc	4091	G
Outgroup	nuc	4112	T
Outgroup	nuc	4153	G
Outgroup	nuc	4393	A
Outgroup	nuc	4490	G
Outgroup	nuc	4552	C
Outgroup	nuc	4681	C
Outgroup	nuc	4759	G
Outgroup	nuc	4870	G
Outgroup	nuc	5074	T
Outgroup	nuc	5194	C
Outgroup	nuc	5305	G
Outgroup	nuc	5362	G
Outgroup	nuc	5567	G
Outgroup	nuc	5854	C
Outgroup	nuc	6166	G
Outgroup	nuc	6169	G
Outgroup	nuc	6178	T
Outgroup	nuc	6265	G
Outgroup	nuc	6267	G
Outgroup	nuc	6322	G
Outgroup	nuc	6380	T
Outgroup	nuc	6403	G
Outgroup	nuc	6544	T
Outgroup	nuc	6638	A
Outgroup	nuc	6730	T
Outgroup	nuc	6775	G
Outgroup	nuc	6778	C
Outgroup	nuc	6809	G
Outgroup	nuc	6867	T
Outgroup	nuc	6940	A
Outgroup	nuc	6949	A
Outgroup	nuc	6985	T
Outgroup	nuc	7030	T
Outgroup	nuc	7079	G
Outgroup	nuc	7105	G
Outgroup	nuc	7138	C
Outgroup	nuc	7643	T
Outgroup	nuc	7684	G
Outgroup	nuc	7714	G
Outgroup	nuc	7816	G
Outgroup	nuc	7819	T
Outgroup	nuc	7944	C
Outgroup	nuc	7945	A
Outgroup	nuc	8027	G
Outgroup	nuc	8236	T
Outgroup	nuc	8392	C
Outgroup	nuc	8405	G
Outgroup	nuc	8434	G
Outgroup	nuc	8446	C
Outgroup	nuc	8605	G
Outgroup	nuc	8629	G
Outgroup	nuc	8688	C
Outgroup	nuc	8768	A
Outgroup	nuc	8788	A
Outgroup	nuc	8812	T
Outgroup	nuc	8935	G
Outgroup	nuc	9031	G
Outgroup	nuc	9109	G
Outgroup	nuc	9367	G
Outgroup	nuc	9496	G
Outgroup	nuc	9568	G
Outgroup	nuc	9607	A
Outgroup	nuc	9678	T
Outgroup	nuc	9688	T
Outgroup	nuc	9694	T
Outgroup	nuc	10150	T
Outgroup	nuc	10258	T
Outgroup	C	39	D
Outgroup	C	63	T
Outgroup	C	100	R
Outgroup	M	15	R
Outgroup	M	90	R
Outgroup	M	135	L
Outgroup	E	63	A
Outgroup	E	68	T
Outgroup	E	120	H
Outgroup	E	154	K
Outgroup	E	226	V
Outgroup	E	270	I
Outgroup	E	302	G
Outgroup	NS1	69	R
Outgroup	NS1	103	I
Outgroup	NS1	113	H
Outgroup	NS2A	72	I
Outgroup	NS2A	83	V
Outgroup	NS2A	208	V
Outgroup	NS2A	215	F
Outgroup	NS2B	123	A
Outgroup	NS3	352	V
Outgroup	NS3	585	R
Outgroup	NS4A	4	F
Outgroup	NS4A	90	T
Outgroup	2K	20	V
Outgroup	NS4B	16	I
Outgroup	NS4B	87	V
Outgroup	NS5	27	F
Outgroup	NS5	127	T
Outgroup	NS5	155	A
Outgroup	NS5	281	E
Outgroup	NS5	375	T
Outgroup	NS5	402	I
Outgroup	NS5	408	I
Outgroup	NS5	705	L
